x_m,y_m
-1.599824403610382462e+06,-4.459468177648014971e+05
-1.598446899207692128e+06,-4.469307494810073986e+05
-1.598053326521208975e+06,-4.482098607120756642e+05
-1.597462967491486343e+06,-4.491937924282820313e+05
-1.596774215290145017e+06,-4.494889719431447447e+05
-1.595888676745555131e+06,-4.496857582863850403e+05
-1.595003138200969435e+06,-4.510632626890740357e+05
-1.594511172342866659e+06,-4.522439807485218626e+05
-1.594019206484762952e+06,-4.532279124647280551e+05
-1.593232061111799907e+06,-4.534246988079696312e+05
-1.592149736223974265e+06,-4.535230919795911177e+05
-1.592149736223971006e+06,-4.526375534350041999e+05
-1.592444915738834534e+06,-4.510632626890747342e+05
-1.592346522567212116e+06,-4.499809378012471134e+05
-1.593724026969903149e+06,-4.492921855999031104e+05
-1.596675822118520271e+06,-4.469307494810071657e+05
-1.597069394805003656e+06,-4.459468177648010897e+05
-1.597659753834727453e+06,-4.442741338472503703e+05
-1.598840471894176444e+06,-4.437821679891473614e+05
-1.599787336945967516e+06,-4.440662270150563563e+05
-1.599439868206750369e+06,-4.434799882243902539e+05
-1.599439582196898991e+06,-4.431424316205175128e+05
-1.599763233896201244e+06,-4.430608165861366433e+05
-1.600789906999151688e+06,-4.434797203783652512e+05
-1.601690145843102830e+06,-4.434797340955012478e+05
-1.603040275444629602e+06,-4.394298575914945686e+05
-1.604389659946793923e+06,-4.367298240977434325e+05
-1.604389695554425474e+06,-4.358299901058481773e+05
-1.603939682198729133e+06,-4.353798083086146507e+05
-1.603940017645996995e+06,-4.344797390014260891e+05
-1.603489768242125399e+06,-4.340295982727304799e+05
-1.603490090316654649e+06,-4.335796444256147952e+05
-1.598990193686921615e+06,-4.290798657336590113e+05
-1.597189413486793404e+06,-4.288744169423732674e+05
-1.596523964475686196e+06,-4.286114039300859440e+05
-1.593262921927988529e+06,-4.265443236247466411e+05
-1.592239999891951215e+06,-4.259295975049388944e+05
-1.590181168391366024e+06,-4.244752416050031316e+05
-1.589582728535664501e+06,-4.239819522138171014e+05
-1.589089520778315607e+06,-4.236795316914839204e+05
-1.586839730233036913e+06,-4.214297928828899749e+05
-1.585939887262991862e+06,-4.209796667079328909e+05
-1.584139619603681378e+06,-4.191797596271713846e+05
-1.582340305157812079e+06,-4.137798893136752304e+05
-1.580989624369259924e+06,-4.115298422133409185e+05
-1.580089551231354941e+06,-4.092796544771784102e+05
-1.579190054908218794e+06,-4.083798444987646653e+05
-1.578739943665208062e+06,-4.065799827768591931e+05
-1.578289462813197169e+06,-4.061296272218243103e+05
-1.578289439919775119e+06,-4.052294005279786652e+05
-1.578739670831002528e+06,-4.047799170413108659e+05
-1.578739867445043987e+06,-4.034301707173422328e+05
-1.579639657326518558e+06,-4.016296925231356872e+05
-1.579189732196911005e+06,-4.011799487342082430e+05
-1.578289928415055154e+06,-4.011800162435437087e+05
-1.577389603557729162e+06,-3.998297126375114312e+05
-1.577389668939757394e+06,-3.993800026575905504e+05
-1.579449761734865373e+06,-3.969246155681204400e+05
-1.580199725760425441e+06,-3.966746525721951039e+05
-1.580575301632431569e+06,-3.961747614694831427e+05
-1.580200059858687920e+06,-3.945500428535467945e+05
-1.580449708024610300e+06,-3.925503557481750613e+05
-1.581325426202503499e+06,-3.911747301436819835e+05
-1.580950143829558976e+06,-3.901750201544449083e+05
-1.581076257188879652e+06,-3.881751007185662747e+05
-1.581699628534969408e+06,-3.871751615677748341e+05
-1.581699821064502001e+06,-3.865502047828320065e+05
-1.582699908147206297e+06,-3.859246065596258850e+05
-1.583075156365701929e+06,-3.850496580583524192e+05
-1.583825086422013817e+06,-3.848005274491740856e+05
-1.583700259237978142e+06,-3.840502577795148245e+05
-1.584074705517599592e+06,-3.835497168309248518e+05
-1.583450354810761288e+06,-3.835503301397552714e+05
-1.583950363741122419e+06,-3.822998177224801620e+05
-1.583824955529997591e+06,-3.814251209446047433e+05
-1.583325313581069000e+06,-3.816750940644841758e+05
-1.582824749301924603e+06,-3.826750284975357354e+05
-1.582450164760596119e+06,-3.826754647649096441e+05
-1.581948192258499796e+06,-3.826929929457728867e+05
-1.582011330009100493e+06,-3.830034788393068011e+05
-1.581824747985079419e+06,-3.833001777274951455e+05
-1.581574961930190679e+06,-3.829248383314377279e+05
-1.581449804781926330e+06,-3.824246371705534402e+05
-1.580949578204488615e+06,-3.824248925596170593e+05
-1.580575327713724459e+06,-3.829252299155419460e+05
-1.580733863436228596e+06,-3.820712679268321372e+05
-1.580699882723733084e+06,-3.809246188769071014e+05
-1.581699995955124497e+06,-3.798002906097047380e+05
-1.582075168632756919e+06,-3.798003624898940325e+05
-1.583324974161281949e+06,-3.780504468470287975e+05
-1.584449672235780861e+06,-3.776749955569717567e+05
-1.584575360936209792e+06,-3.765500704528526985e+05
-1.585574958037612494e+06,-3.751757377782288822e+05
-1.585950045693589142e+06,-3.739249253023553756e+05
-1.585200282288016519e+06,-3.714253840810261900e+05
-1.586699514395456528e+06,-3.684252093430260429e+05
-1.585450125302700792e+06,-3.655497196906700847e+05
-1.587075087419543415e+06,-3.635499283051038510e+05
-1.587074703482951969e+06,-3.624254534037156263e+05
-1.587950050776927499e+06,-3.614250695423146244e+05
-1.587200093530485872e+06,-3.616749860243482399e+05
-1.587450413515194319e+06,-3.610498963225957705e+05
-1.586450279477898031e+06,-3.591751356235129060e+05
-1.585951320420562290e+06,-3.564247828969719121e+05
-1.585574401311129332e+06,-3.560499770536517608e+05
-1.585200333629891044e+06,-3.544248581876563258e+05
-1.586449040133601287e+06,-3.522995295732212835e+05
-1.588074776917012408e+06,-3.506746907392657013e+05
-1.589075073613357265e+06,-3.489254753876218456e+05
-1.588824653457293753e+06,-3.485493861899950425e+05
-1.588450221830175491e+06,-3.485497161739615840e+05
-1.588200165890125791e+06,-3.488007558891525259e+05
-1.587449868672028417e+06,-3.487999462637878023e+05
-1.587323982830210123e+06,-3.481749823582074605e+05
-1.586575366230730666e+06,-3.481746371368240798e+05
-1.586575140864334069e+06,-3.475501797864188557e+05
-1.586699382057567360e+06,-3.470495662395841209e+05
-1.587950001196177909e+06,-3.457999369143526419e+05
-1.588199695954764262e+06,-3.438001329307552078e+05
-1.588699753145864466e+06,-3.430500929069797858e+05
-1.588575219851944596e+06,-3.396753974738551187e+05
-1.590075264069141122e+06,-3.380499763293672586e+05
-1.590950039846437518e+06,-3.376744650320634828e+05
-1.591324561379744438e+06,-3.366752321571725770e+05
-1.591180984487248119e+06,-3.361364187734315637e+05
-1.591200031215142459e+06,-3.356749990527901682e+05
-1.591824748332862277e+06,-3.346751668382108328e+05
-1.592574687443651957e+06,-3.341747793404812692e+05
-1.592240056848729029e+06,-3.327801968756458955e+05
-1.592240195255445084e+06,-3.300797431046915590e+05
-1.592689629248658661e+06,-3.296296982948915102e+05
-1.593589523157963296e+06,-3.296300659243747359e+05
-1.594039674503258197e+06,-3.291796020624209777e+05
-1.594910693263611989e+06,-3.302244165124492720e+05
-1.596171590899818111e+06,-3.303393296913460945e+05
-1.595807861493271776e+06,-3.313024400396140991e+05
-1.596487607269309228e+06,-3.321204596502394415e+05
-1.599101417628227733e+06,-3.305173377155949129e+05
-1.601925151933897519e+06,-3.282731516481857980e+05
-1.602924482076484477e+06,-3.284198935371789266e+05
-1.604395233002565801e+06,-3.276461502564921393e+05
-1.610153610992514296e+06,-3.271285293054162175e+05
-1.616967288989066845e+06,-3.261606326171992114e+05
-1.624164051992086694e+06,-3.266273079118652968e+05
-1.626561935002247337e+06,-3.263935611365829827e+05
-1.628654714010185795e+06,-3.260319098392802989e+05
-1.632580479679850629e+06,-3.242903602596338023e+05
-1.631702175164746121e+06,-3.217219209689541603e+05
-1.636050893275599228e+06,-3.214948790527633973e+05
-1.638252865078643430e+06,-3.231607622437754762e+05
-1.638469952594168019e+06,-3.258386238004170591e+05
-1.637879580943110632e+06,-3.282755349655082100e+05
-1.637173561507880222e+06,-3.299051903973994777e+05
-1.635802989973641001e+06,-3.305667015600600280e+05
-1.636340222898904001e+06,-3.314298159782611183e+05
-1.636332942553113448e+06,-3.330884691500528133e+05
-1.636763761071409099e+06,-3.337083641283772886e+05
-1.639070530082846293e+06,-3.337363684132364579e+05
-1.640315509764778661e+06,-3.320351645975231077e+05
-1.641370079033542424e+06,-3.322257938574173604e+05
-1.642022178804606665e+06,-3.335545595246765297e+05
-1.642657212580917869e+06,-3.343952327513482887e+05
-1.642571234120387118e+06,-3.364590591679554200e+05
-1.642379833238909952e+06,-3.372348950874161092e+05
-1.642888844459390733e+06,-3.389087618045837735e+05
-1.643927997982856119e+06,-3.391225574927741545e+05
-1.644575215980747482e+06,-3.408002520261995378e+05
-1.644949892600569641e+06,-3.410496889284101198e+05
-1.645944932645970723e+06,-3.421209577552091796e+05
-1.646140377820728812e+06,-3.430935427222963772e+05
-1.645980394877878716e+06,-3.437031956831970019e+05
-1.647787732009903761e+06,-3.448230236730726319e+05
-1.647157092978710774e+06,-3.485775028147179401e+05
-1.646489172939102864e+06,-3.502561871986442711e+05
-1.647079152488035848e+06,-3.499390495465475251e+05
-1.647616418614900904e+06,-3.496934832439760794e+05
-1.648083409618895734e+06,-3.494179005850760150e+05
-1.648387987772122724e+06,-3.498122837038019206e+05
-1.648447421283815987e+06,-3.501091198438267456e+05
-1.648447390764034353e+06,-3.505840105730669457e+05
-1.649696561288329540e+06,-3.519066937349027721e+05
-1.650372309558518697e+06,-3.532267756454041810e+05
-1.650371004166277125e+06,-3.541265993799461867e+05
-1.650530084917615401e+06,-3.546352773969050031e+05
-1.651070261182237184e+06,-3.555387555598677718e+05
-1.653240129346893402e+06,-3.581814512677667080e+05
-1.653146043591648107e+06,-3.592277896939994534e+05
-1.653299504542768002e+06,-3.604149532464626827e+05
-1.654265512112521101e+06,-3.614489311919441679e+05
-1.654028728048947174e+06,-3.628145572679833276e+05
-1.653553641138409963e+06,-3.634676019063393469e+05
-1.653850588117897045e+06,-3.635864346157051623e+05
-1.654443854003166314e+06,-3.631113554262610269e+05
-1.654503195450469851e+06,-3.625768995403965819e+05
-1.654978642862629378e+06,-3.618647423944222974e+05
-1.655215465832966380e+06,-3.613302043694715830e+05
-1.655749950988554861e+06,-3.607364410889639985e+05
-1.656224745813130867e+06,-3.604395673917988897e+05
-1.656700351752959192e+06,-3.602616618666104623e+05
-1.657709461292374413e+06,-3.599646874086793978e+05
-1.658184328994036186e+06,-3.599646837885109126e+05
-1.658540193284928100e+06,-3.600833310540360981e+05
-1.658659632962735835e+06,-3.604397674408549210e+05
-1.658540729873389937e+06,-3.607960169046191731e+05
-1.659434539422420552e+06,-3.605800920966622652e+05
-1.662810591255100211e+06,-3.580878017877414241e+05
-1.664057864106236026e+06,-3.574225032350117690e+05
-1.664755653281820239e+06,-3.569373189832882490e+05
-1.665348005342951044e+06,-3.566285191385707003e+05
-1.665547331554617034e+06,-3.549182456803876557e+05
-1.666347193417934701e+06,-3.541980241242792690e+05
-1.667824755007059313e+06,-3.527999892811992904e+05
-1.668302014811703702e+06,-3.524998823192247073e+05
-1.668642421634449624e+06,-3.524014776141062612e+05
-1.669092576408206020e+06,-3.524018234269114910e+05
-1.669992869146332145e+06,-3.519527044631929020e+05
-1.671343247316099238e+06,-3.519537337310262956e+05
-1.672243308199313236e+06,-3.515042798959336942e+05
-1.673143386914407602e+06,-3.515055098645997932e+05
-1.673552816935668932e+06,-3.519153259914357332e+05
-1.674043042569066631e+06,-3.519561359569712076e+05
-1.675579543247779366e+06,-3.526619743300743867e+05
-1.675876860975616379e+06,-3.520683568813419552e+05
-1.675698417152087670e+06,-3.515339518269352266e+05
-1.675282770801830338e+06,-3.507027234165147529e+05
-1.675461458127010381e+06,-3.497530757685832214e+05
-1.675401850786745548e+06,-3.494561425527957617e+05
-1.674808529683237197e+06,-3.491592497245526756e+05
-1.674748821214662399e+06,-3.488624536436992930e+05
-1.674926751323078061e+06,-3.484466930525923381e+05
-1.675342242924180115e+06,-3.484467849009634810e+05
-1.675639408504712395e+06,-3.485678111884703976e+05
-1.675698292750776280e+06,-3.489810792081537074e+05
-1.675817698751031887e+06,-3.493968815987411654e+05
-1.677075361878413241e+06,-3.488113212701138109e+05
-1.678147014713397017e+06,-3.492109896537092864e+05
-1.679200550952512305e+06,-3.489252551007708535e+05
-1.679825209973765770e+06,-3.481749865431551589e+05
-1.679825353987000417e+06,-3.471747797383723082e+05
-1.680200250627580564e+06,-3.470497710955533548e+05
-1.680324841782885604e+06,-3.464251296593297157e+05
-1.680948753501127241e+06,-3.462998862671140232e+05
-1.681324597198527772e+06,-3.464249261173831183e+05
-1.681949702902641147e+06,-3.459252609760716441e+05
-1.681949814867660403e+06,-3.454257541233339580e+05
-1.682888628333516652e+06,-3.446337693655092153e+05
-1.683058489220151911e+06,-3.426193479486771976e+05
-1.684242606976738200e+06,-3.414811192983645597e+05
-1.685594300884322263e+06,-3.405813411783590564e+05
-1.686494165723297745e+06,-3.405817852747444413e+05
-1.687484176807399374e+06,-3.398772286343938904e+05
-1.688384873320550192e+06,-3.394279757976250257e+05
-1.689285300782189006e+06,-3.394292613252850133e+05
-1.690475859737040475e+06,-3.395529017070069676e+05
-1.692345673766011372e+06,-3.401379504599478096e+05
-1.693695731361160288e+06,-3.401389968073906493e+05
-1.694145110683719162e+06,-3.405897386905078893e+05
-1.695309445334641263e+06,-3.408037474284069613e+05
-1.696368408616609871e+06,-3.418553011895248783e+05
-1.697743621078241849e+06,-3.419454577635161695e+05
-1.697875224256219110e+06,-3.429561849787317333e+05
-1.698497738282266073e+06,-3.434572949535498046e+05
-1.698873070426862920e+06,-3.435821695249405457e+05
-1.701791014230178203e+06,-3.442011521363069187e+05
-1.702689543329169508e+06,-3.446528814356196672e+05
-1.702714469422287541e+06,-3.452008012197752832e+05
-1.703543965152856894e+06,-3.459791645246675471e+05
-1.703498049747886369e+06,-3.463857005155943916e+05
-1.703785013173928251e+06,-3.468031758222818607e+05
-1.705164692479132907e+06,-3.475920576426896732e+05
-1.706819172802590998e+06,-3.488761171168877045e+05
-1.708075183674792293e+06,-3.490497800915221451e+05
-1.708575196984781884e+06,-3.490495714432246168e+05
-1.709199881285103271e+06,-3.496751125948969275e+05
-1.709574910288280575e+06,-3.496749946391957928e+05
-1.710074839554383652e+06,-3.492999554792635026e+05
-1.710450144134247908e+06,-3.494250171003597789e+05
-1.710825192220868543e+06,-3.494247448516144650e+05
-1.711075332781673409e+06,-3.491748874753376003e+05
-1.711950103512689704e+06,-3.491757885233232519e+05
-1.712325072041305015e+06,-3.494251685600375058e+05
-1.712699698532892158e+06,-3.493001731599193299e+05
-1.713075335118813673e+06,-3.497997278301914921e+05
-1.713074586134294048e+06,-3.514252036519001122e+05
-1.713699893228862202e+06,-3.525494852562273736e+05
-1.713699495697307866e+06,-3.531754713382077171e+05
-1.712575440098115476e+06,-3.564246174334296957e+05
-1.711700298397669569e+06,-3.576752235075149219e+05
-1.711709840400734916e+06,-3.577804030270271469e+05
-1.713456233550524339e+06,-3.563489332321176189e+05
-1.714494309686191613e+06,-3.550188981832940481e+05
-1.716213623285890324e+06,-3.523263882064073696e+05
-1.717186819663078291e+06,-3.514829513461777824e+05
-1.718257335677985102e+06,-3.506719543651877902e+05
-1.718646614228860242e+06,-3.505421948482294101e+05
-1.720917405775632244e+06,-3.510287930368233938e+05
-1.721987921790539054e+06,-3.520668691724905511e+05
-1.722117681307497434e+06,-3.531373851873973035e+05
-1.722182561065976508e+06,-3.538835024099081056e+05
-1.721663522998142987e+06,-3.552135374587316765e+05
-1.720593006983236177e+06,-3.566084522660344373e+05
-1.719944209398444276e+06,-3.583277658657331485e+05
-1.719587370726808673e+06,-3.592360824844419258e+05
-1.718646614228860242e+06,-3.601768389823902980e+05
-1.717997816644068342e+06,-3.607931966879427200e+05
-1.717381458938515978e+06,-3.620907918575266958e+05
-1.717186819663078291e+06,-3.633559471478710184e+05
-1.716927300629161531e+06,-3.644264631627778290e+05
-1.716246063165129861e+06,-3.654320994192053913e+05
-1.715084690591529477e+06,-3.659727383758814540e+05
-1.714700113946249010e+06,-3.677997018243644270e+05
-1.713699722165456507e+06,-3.696746749222539947e+05
-1.713699975466587115e+06,-3.729247971674224245e+05
-1.714324932179187890e+06,-3.741750894675122108e+05
-1.714699689241973916e+06,-3.745496806550141191e+05
-1.715199742439298425e+06,-3.746751813173166011e+05
-1.715825572338142199e+06,-3.751748037499318016e+05
-1.716200920504479203e+06,-3.759254796916472260e+05
-1.716649529653781792e+06,-3.770696477717884118e+05
-1.716343993884210009e+06,-3.782145670271817944e+05
-1.714903736616167706e+06,-3.793205290895618964e+05
-1.713450306237466168e+06,-3.818923567568613798e+05
-1.713204994273302378e+06,-3.868159861005355488e+05
-1.714079595711213071e+06,-3.894406455786063452e+05
-1.714952744210684905e+06,-3.911293269304754795e+05
-1.715176628131513949e+06,-3.920094898013420170e+05
-1.716414092318196082e+06,-3.931525691917648073e+05
-1.716989372453526594e+06,-3.934932538656152901e+05
-1.717568724722913466e+06,-3.937663430631447118e+05
-1.718983844240207225e+06,-3.942539500824352144e+05
-1.720013243643296883e+06,-3.940560366365080699e+05
-1.722514656904233620e+06,-3.940915635293673258e+05
-1.723040492892966839e+06,-3.952562546909105149e+05
-1.723990365049620392e+06,-3.952866068734314176e+05
-1.724468389262832934e+06,-3.946731008134157746e+05
-1.726102205360396300e+06,-3.946421052278421703e+05
-1.726763555737046758e+06,-3.940617739117363235e+05
-1.728563416265533771e+06,-3.940637731113062473e+05
-1.729014230171381962e+06,-3.936143736486717244e+05
-1.730364349453400820e+06,-3.936154089386030100e+05
-1.730976449806798482e+06,-3.933922010380936554e+05
-1.733129272766686743e+06,-3.933622713908594451e+05
-1.733882878557882737e+06,-3.937643603315927903e+05
-1.734413691406631377e+06,-3.940692191000301391e+05
-1.735304537799148820e+06,-3.946700922302553081e+05
-1.736278450477718376e+06,-3.942977839956707321e+05
-1.737639668651649728e+06,-3.950374912110124715e+05
-1.738094227968524443e+06,-3.959536505178933148e+05
-1.738291262112114113e+06,-3.980636352872828720e+05
-1.739297902109369636e+06,-4.005388778238802915e+05
-1.739341736509660957e+06,-4.016094517939545331e+05
-1.740938344558183802e+06,-4.016025697814323357e+05
-1.742108636633674847e+06,-4.019203215018586488e+05
-1.743106793902452569e+06,-4.020458766093049780e+05
-1.744432389802990481e+06,-4.017670936113123316e+05
-1.745111084659323096e+06,-4.017990512619036017e+05
-1.746419642407205887e+06,-4.023048410261914250e+05
-1.746986274707474280e+06,-4.032699712485236232e+05
-1.747832248678569449e+06,-4.031305713331509032e+05
-1.748284944708660711e+06,-4.025503389595569461e+05
-1.749061292913808487e+06,-4.010121629882916459e+05
-1.749148433977378998e+06,-4.001830851295203320e+05
-1.749700690633670660e+06,-3.998001331777528394e+05
-1.749199720641509397e+06,-3.987995482159401872e+05
-1.749825270196721656e+06,-3.978000940915952087e+05
-1.749825461244051112e+06,-3.969249296988856513e+05
-1.750700104622824350e+06,-3.961753369486334268e+05
-1.751200092650808860e+06,-3.941750482464133529e+05
-1.750950114113707561e+06,-3.928000977746400167e+05
-1.751324981474074768e+06,-3.917997459375247126e+05
-1.751074182287405478e+06,-3.904246542321039597e+05
-1.751324913646461908e+06,-3.877994419732188690e+05
-1.750950681668496924e+06,-3.864253660408500582e+05
-1.751324906148344278e+06,-3.835498113919795142e+05
-1.752200274790206226e+06,-3.813000619334923686e+05
-1.752200381659232546e+06,-3.800491041081160656e+05
-1.751823728999447310e+06,-3.793001880361632793e+05
-1.752200003913415363e+06,-3.775501222081673332e+05
-1.751825307791288942e+06,-3.769245894731754088e+05
-1.751825126007350627e+06,-3.743001546381796361e+05
-1.751449644694862654e+06,-3.737995228887638077e+05
-1.751824731689816108e+06,-3.716753308316858602e+05
-1.751450364453903632e+06,-3.711747794495887356e+05
-1.751449884004035266e+06,-3.700499325283216895e+05
-1.750825297527112300e+06,-3.693003857578646275e+05
-1.750949615187293850e+06,-3.683000225808540126e+05
-1.749450011291032191e+06,-3.666750757548529073e+05
-1.749075108764739009e+06,-3.666752746568446746e+05
-1.748949973049609223e+06,-3.653004098411584273e+05
-1.747699189266334055e+06,-3.635501177344746538e+05
-1.747699311574382940e+06,-3.633840682829344296e+05
-1.747677264909628779e+06,-3.633823045497540734e+05
-1.747190666721034562e+06,-3.631876652743164450e+05
-1.745244273966658628e+06,-3.627659468442016514e+05
-1.744692796019585337e+06,-3.623117885348472046e+05
-1.744335957347949734e+06,-3.615981111915759975e+05
-1.744271077589470427e+06,-3.606249148143879138e+05
-1.744595476381866494e+06,-3.598139178333978634e+05
-1.745374033483617008e+06,-3.592300000070850365e+05
-1.745763312034492148e+06,-3.591326803693662514e+05
-1.746249910223086132e+06,-3.592948797655642265e+05
-1.746574309015482198e+06,-3.593921994032830698e+05
-1.747190666721034562e+06,-3.593273196448038798e+05
-1.747709704788868316e+06,-3.594246392825226649e+05
-1.748911836588171776e+06,-3.597852788223137031e+05
-1.748951098791158525e+06,-3.595500353127241833e+05
-1.749336299546844792e+06,-3.583703441429733648e+05
-1.749604557060144376e+06,-3.574334585416617920e+05
-1.750480227282224223e+06,-3.563081203478848329e+05
-1.750776631478451192e+06,-3.548872158352058614e+05
-1.751689389280111063e+06,-3.533320829779236228e+05
-1.751629119851116324e+06,-3.527928413224464166e+05
-1.751204867114350665e+06,-3.512931549579242128e+05
-1.751631812659339281e+06,-3.509793037767580827e+05
-1.750971495607249672e+06,-3.504968131746143335e+05
-1.750538006631448632e+06,-3.496856925553338369e+05
-1.750184848613672657e+06,-3.493044629298572545e+05
-1.749494597306140931e+06,-3.497694313438563258e+05
-1.748827726442999206e+06,-3.487793598949240986e+05
-1.747793299705083948e+06,-3.480881364236425725e+05
-1.747091668330930406e+06,-3.478591525078585837e+05
-1.746242217182537774e+06,-3.478488492320459336e+05
-1.745917528305887477e+06,-3.477568587785774143e+05
-1.745420270158219850e+06,-3.476875350002086489e+05
-1.744551123724916484e+06,-3.472006789062168682e+05
-1.742707982338097645e+06,-3.466758426840121392e+05
-1.742161968102046754e+06,-3.462062175001828582e+05
-1.741779089745159028e+06,-3.453830512207467109e+05
-1.741343916963143740e+06,-3.443654229697368573e+05
-1.741027914268311346e+06,-3.439025750463894801e+05
-1.741026177724086214e+06,-3.435011891324230237e+05
-1.741103158458400285e+06,-3.428571724608079530e+05
-1.741626598639892647e+06,-3.417936954619745957e+05
-1.741828760926226387e+06,-3.414128274716438609e+05
-1.741934125787390862e+06,-3.406150965079470188e+05
-1.741990289734137012e+06,-3.397322074353237404e+05
-1.742209049528508913e+06,-3.393166269231830956e+05
-1.741952125212873798e+06,-3.385395689274533652e+05
-1.742125990948301973e+06,-3.380964775271898834e+05
-1.742196907528836280e+06,-3.374687523025894188e+05
-1.741935687604988459e+06,-3.364026960336953052e+05
-1.741806775764326099e+06,-3.357905676684881328e+05
-1.741963124062106246e+06,-3.354615410403396818e+05
-1.742076682263890980e+06,-3.349921825114710373e+05
-1.742524760756533593e+06,-3.342273812404443743e+05
-1.742633800478815101e+06,-3.339054779992724070e+05
-1.742256147055296693e+06,-3.324381063488557702e+05
-1.741932766449279385e+06,-3.312000440745913074e+05
-1.741966262926714960e+06,-3.306478903022451559e+05
-1.742043835499601439e+06,-3.303523655073541449e+05
-1.742141667826411780e+06,-3.298951031042602262e+05
-1.742195157459922833e+06,-3.295443062087066937e+05
-1.742264365994633874e+06,-3.290871587771833874e+05
-1.742343898473970592e+06,-3.286430195421355311e+05
-1.742481278109335573e+06,-3.282244341447224142e+05
-1.742636762054855237e+06,-3.278964397064560908e+05
-1.742886696122777415e+06,-3.275916870129443705e+05
-1.743534138595004333e+06,-3.268498161955776159e+05
-1.744073497117968742e+06,-3.263848203490325832e+05
-1.744484832896247040e+06,-3.263048009662738768e+05
-1.744777437842908548e+06,-3.263722769280303619e+05
-1.745185838881299365e+06,-3.263952766435088124e+05
-1.745749066933569498e+06,-3.265696653018050129e+05
-1.746275509871870745e+06,-3.267752430107322289e+05
-1.746672448911493178e+06,-3.265791912912245607e+05
-1.746327923405616544e+06,-3.257307456474161008e+05
-1.746390221466031391e+06,-3.249579544477215386e+05
-1.746760618506336818e+06,-3.242323192721912055e+05
-1.747336107678666478e+06,-3.239427433399785659e+05
-1.747818165314074373e+06,-3.239529118727873429e+05
-1.748715591715258313e+06,-3.241707904308568104e+05
-1.749344567254488356e+06,-3.242139003073737258e+05
-1.749737988627843559e+06,-3.240576342692436301e+05
-1.750000513801508117e+06,-3.236237575098207453e+05
-1.750499034786278382e+06,-3.219458902645242051e+05
-1.751185272456168663e+06,-3.219715748045436339e+05
-1.751664848930245964e+06,-3.219153127811261220e+05
-1.751998908503398066e+06,-3.219400471677891910e+05
-1.752432883075596066e+06,-3.222955260434069787e+05
-1.753135373184462078e+06,-3.230269036656078533e+05
-1.753405165750587825e+06,-3.236473335203566821e+05
-1.753386988614234375e+06,-3.242389036252063233e+05
-1.752324636863657739e+06,-3.257539180445459206e+05
-1.752284713738210499e+06,-3.261996145710405544e+05
-1.752869265959864715e+06,-3.266803529267638223e+05
-1.753284459935902385e+06,-3.267686029742570245e+05
-1.753948047748155659e+06,-3.275810729756277287e+05
-1.754477285982178757e+06,-3.278368302553638350e+05
-1.755041075774613302e+06,-3.278570453576960717e+05
-1.754883489692551317e+06,-3.273422750684938510e+05
-1.754585723126891768e+06,-3.265128990698693669e+05
-1.754070745461085811e+06,-3.255365472001371090e+05
-1.753929376814946998e+06,-3.250935787132093101e+05
-1.754024314824407687e+06,-3.243067584645615425e+05
-1.753811273325465852e+06,-3.238640508477090625e+05
-1.753925898641203064e+06,-3.235736753761887667e+05
-1.754237770510118920e+06,-3.231174800411252654e+05
-1.754258783545684069e+06,-3.227325205766811268e+05
-1.754262510760671692e+06,-3.216593715472894837e+05
-1.754857617970506661e+06,-3.211644609223228763e+05
-1.755208082505017752e+06,-3.211887457041006419e+05
-1.755736051403210266e+06,-3.212761781834893627e+05
-1.756228806177088059e+06,-3.209782124203859712e+05
-1.756082177963174181e+06,-3.203647286142343073e+05
-1.755306155410291860e+06,-3.199789949220787385e+05
-1.754355751420689514e+06,-3.200360152918791282e+05
-1.753203084393217694e+06,-3.205557331837001839e+05
-1.752521804566783598e+06,-3.208696231733534951e+05
-1.751771405990114668e+06,-3.208614541138464701e+05
-1.750867843791554682e+06,-3.202020028340499848e+05
-1.750672317250943044e+06,-3.198614991761598503e+05
-1.750632464314500568e+06,-3.181376736402206589e+05
-1.750919291452410165e+06,-3.168354488923109020e+05
-1.751224779665986774e+06,-3.161384464520908659e+05
-1.751208628828803776e+06,-3.154945971490725642e+05
-1.750322282946964726e+06,-3.123589089736533933e+05
-1.750110686053357087e+06,-3.113252477698790026e+05
-1.750147370255363407e+06,-3.103502300256536109e+05
-1.750081894043538254e+06,-3.091294842860179488e+05
-1.751193154904388124e+06,-3.076490736413233099e+05
-1.751618537392145023e+06,-3.068727148653904442e+05
-1.751393669630198507e+06,-3.065398358618681668e+05
-1.751259753080174793e+06,-3.060987063166368753e+05
-1.751341658730142517e+06,-3.054920474262446514e+05
-1.752251854834008496e+06,-3.047190089976962772e+05
-1.752770537798148347e+06,-3.046271883505589794e+05
-1.753193078139520017e+06,-3.045356421548470389e+05
-1.753393836033576634e+06,-3.042489448697663611e+05
-1.753360340428004740e+06,-3.039425116804062854e+05
-1.752854082043068483e+06,-3.034234560852838331e+05
-1.752615206975982757e+06,-3.023786671594826621e+05
-1.752865113428642275e+06,-3.020634251790466951e+05
-1.753679824538017157e+06,-3.010663697747547994e+05
-1.754045291886878200e+06,-2.997637785257340875e+05
-1.754440402768373489e+06,-2.993982859195277561e+05
-1.754896447624548338e+06,-2.994090162107091164e+05
-1.755305685571914772e+06,-2.995031320015829406e+05
-1.755665953234434361e+06,-2.992006074486098951e+05
-1.755945506285348674e+06,-2.984547795115000918e+05
-1.756054333464102354e+06,-2.968315166243035928e+05
-1.755957787956004264e+06,-2.962611123780850321e+05
-1.755993356000494445e+06,-2.958773084231608664e+05
-1.756300061716517899e+06,-2.952262770659545204e+05
-1.756794063787775813e+06,-2.949590999492366682e+05
-1.757898839888222050e+06,-2.947496514486789820e+05
-1.758677284814283717e+06,-2.946562669991434668e+05
-1.759291331171091646e+06,-2.943519021091770264e+05
-1.760068553541244473e+06,-2.938859180952240131e+05
-1.761393014236155432e+06,-2.935084931287351064e+05
-1.761934723898273660e+06,-2.935953847152514500e+05
-1.762689033089422388e+06,-2.941034455354957026e+05
-1.762791176594442921e+06,-2.945798749980941066e+05
-1.762835618415266974e+06,-2.958397464196023066e+05
-1.763741609228813555e+06,-2.965955009483180474e+05
-1.764390146899380488e+06,-2.977990593710531830e+05
-1.765105744254122488e+06,-2.978973588473768905e+05
-1.765404268872997258e+06,-2.968683299265395617e+05
-1.765962795148052042e+06,-2.965238824322105502e+05
-1.766713565154156648e+06,-2.965454514397821040e+05
-1.766970259212487843e+06,-2.960882801706122118e+05
-1.766560556829806883e+06,-2.949863564585494460e+05
-1.766497700022055535e+06,-2.936815121621221188e+05
-1.766169478213804075e+06,-2.919446284286050941e+05
-1.765063304215435870e+06,-2.906306829508714145e+05
-1.764507126316952752e+06,-2.896467435069345520e+05
-1.764340288645521505e+06,-2.890290088839766104e+05
-1.764745835902384017e+06,-2.869430165396840312e+05
-1.765491821194576332e+06,-2.859824062857473618e+05
-1.765983784637215547e+06,-2.855937041604856495e+05
-1.766389615493367892e+06,-2.848624192318624700e+05
-1.766694107730187010e+06,-2.835445830061734887e+05
-1.766782072643453255e+06,-2.821126476377488580e+05
-1.767167753073286032e+06,-2.806367978142792708e+05
-1.767588589417387731e+06,-2.786912624270748929e+05
-1.767967827017209493e+06,-2.783483879215071793e+05
-1.768833056997715030e+06,-2.776514514437451144e+05
-1.769761867912415648e+06,-2.769669090219995123e+05
-1.770577081688842736e+06,-2.767717997770750080e+05
-1.771295292949777795e+06,-2.768577314851302654e+05
-1.771804294710042421e+06,-2.772855810320150922e+05
-1.772269736258941935e+06,-2.777452700927244732e+05
-1.772689605383475078e+06,-2.783039725446114899e+05
-1.773305086360624759e+06,-2.786628797857408645e+05
-1.773773045335775707e+06,-2.789745735736807692e+05
-1.774264222320684232e+06,-2.795789040792514570e+05
-1.774438310708920006e+06,-2.802117366181178950e+05
-1.775499931383537594e+06,-2.834683128309946624e+05
-1.775827619138426846e+06,-2.845782411440568976e+05
-1.776205860407622764e+06,-2.862375050343921757e+05
-1.776265881057538791e+06,-2.889195695738245267e+05
-1.776069489496066002e+06,-2.891682571358662681e+05
-1.775504082735815551e+06,-2.893205952193557168e+05
-1.774657764130890835e+06,-2.903899187371404842e+05
-1.774387267127594678e+06,-2.911465380030102096e+05
-1.774373296100748237e+06,-2.915916794259196613e+05
-1.774883382047786145e+06,-2.938041056896374212e+05
-1.775046091777705355e+06,-2.954471237318280619e+05
-1.775373324134477414e+06,-2.961687837990443804e+05
-1.776043143177276477e+06,-2.984615927651175298e+05
-1.776035853572941618e+06,-2.992183882157208864e+05
-1.776802808245453751e+06,-3.002941642007490736e+05
-1.777245645229428774e+06,-3.006474804114724393e+05
-1.777374492225653259e+06,-3.002150284332341980e+05
-1.777414781862760894e+06,-2.992387108978340402e+05
-1.777178584701013984e+06,-2.985321991444396554e+05
-1.777045769044286571e+06,-2.982150109323633369e+05
-1.776897572736144066e+06,-2.977437563483040431e+05
-1.776798219787699170e+06,-2.970156835673258756e+05
-1.777171176461601863e+06,-2.966820196414965321e+05
-1.777617279746025335e+06,-2.968343492014858057e+05
-1.777998949730596505e+06,-2.972850326613272191e+05
-1.778047301492472645e+06,-2.977083398155155592e+05
-1.778269369172271574e+06,-2.980001547692316817e+05
-1.778612138358758064e+06,-2.985638296657757019e+05
-1.778806872964238049e+06,-2.988390865270519280e+05
-1.779603991487239022e+06,-2.986165440125244204e+05
-1.780539095718022669e+06,-2.986037934783466044e+05
-1.780787438054489437e+06,-2.984062835775032290e+05
-1.780887462874626974e+06,-2.979522904669088894e+05
-1.780560821067582117e+06,-2.976495273291521589e+05
-1.779961561889582314e+06,-2.975310785355461994e+05
-1.779186093491388950e+06,-2.968043451313060941e+05
-1.778916738753585611e+06,-2.963372520473830518e+05
-1.778313207450947491e+06,-2.954974123777015484e+05
-1.778080288570741657e+06,-2.949176292233974673e+05
-1.777781648998464458e+06,-2.944439045493336162e+05
-1.777485843827244593e+06,-2.943409264950781362e+05
-1.776645631835037842e+06,-2.943111713902451447e+05
-1.776409013868233422e+06,-2.941096297766317148e+05
-1.776089469664908713e+06,-2.936269037450162577e+05
-1.776223365692122374e+06,-2.930600807496365742e+05
-1.776556554546814645e+06,-2.928117949562026770e+05
-1.777030693800929235e+06,-2.927168907522946829e+05
-1.777795522278641583e+06,-2.927978924298781203e+05
-1.778409009987289784e+06,-2.939417700566563290e+05
-1.779463006214504363e+06,-2.947206740735791973e+05
-1.779770409675430739e+06,-2.947226456617591321e+05
-1.780199869558076607e+06,-2.944946932574310922e+05
-1.780570666876373114e+06,-2.945331364524089149e+05
-1.780956164646437159e+06,-2.947884060053168796e+05
-1.781242560349440668e+06,-2.948862540127680986e+05
-1.781534412744108355e+06,-2.947646950969815953e+05
-1.781724171127765439e+06,-2.942857115094314213e+05
-1.782288272693530424e+06,-2.939839409117610194e+05
-1.783246957906151190e+06,-2.947604307059938437e+05
-1.783813080264191609e+06,-2.959748996903478401e+05
-1.783981808029569453e+06,-2.963993141259411350e+05
-1.784217091956197983e+06,-2.966447084474696312e+05
-1.784671161023298744e+06,-2.973319881892344565e+05
-1.784641538858100539e+06,-2.987929055319862091e+05
-1.784956952282963786e+06,-2.991164531667961855e+05
-1.785485524219701067e+06,-2.994267302251329529e+05
-1.786061626673249993e+06,-3.001943387900074595e+05
-1.786170608777621994e+06,-3.008923361003728933e+05
-1.786302569083273178e+06,-3.040090354568102630e+05
-1.786433203411078081e+06,-3.046020969964287942e+05
-1.786255398590243887e+06,-3.050256014665903058e+05
-1.786113319489483023e+06,-3.052997233321322710e+05
-1.785627890235393075e+06,-3.052280061045913608e+05
-1.784439466393961338e+06,-3.051075220730831497e+05
-1.783759565323641989e+06,-3.055455038434165763e+05
-1.782564104894480901e+06,-3.054712022219960927e+05
-1.782074165378874866e+06,-3.055311178226879565e+05
-1.781698557952030329e+06,-3.057998491516121430e+05
-1.782018577831540257e+06,-3.061550042885147268e+05
-1.782559229553854093e+06,-3.061848429317437694e+05
-1.783028300631739432e+06,-3.064115847204294987e+05
-1.783428825050356798e+06,-3.067574300620531430e+05
-1.783871470824155724e+06,-3.073518243735471042e+05
-1.784339858168596402e+06,-3.075572993131459225e+05
-1.784756389323494863e+06,-3.077399517938569770e+05
-1.785195107189931441e+06,-3.075698445206927136e+05
-1.785516473580093356e+06,-3.070041571508662309e+05
-1.786502840311032487e+06,-3.067128346214480698e+05
-1.787201120726187248e+06,-3.060487919097281992e+05
-1.787537459807892097e+06,-3.058836832448011846e+05
-1.788131233142973157e+06,-3.057686467730247532e+05
-1.788586852975700749e+06,-3.059997650124988868e+05
-1.789032524001748301e+06,-3.066446541561668855e+05
-1.790122586948815500e+06,-3.068943093371334253e+05
-1.790625410200604470e+06,-3.070551276510905009e+05
-1.790864295667103492e+06,-3.073386314559800085e+05
-1.791364553744699107e+06,-3.080688707955381833e+05
-1.791802832493937109e+06,-3.081157482706009760e+05
-1.792606933214480290e+06,-3.078369845154255745e+05
-1.792918218145016348e+06,-3.075335766657572240e+05
-1.793532629294415703e+06,-3.073491154980161227e+05
-1.793907635631761281e+06,-3.073996088308424805e+05
-1.794283343755031470e+06,-3.079165358027493348e+05
-1.794705415407471824e+06,-3.087971953182840371e+05
-1.794735313342599664e+06,-3.094111227965790895e+05
-1.793708020748187555e+06,-3.111564283732543699e+05
-1.793499574460114352e+06,-3.115658035866004066e+05
-1.793138823803844163e+06,-3.119072891151264193e+05
-1.792598442066172836e+06,-3.120963553258174798e+05
-1.792010303128946107e+06,-3.121847445491527906e+05
-1.791836525774328969e+06,-3.124920181176186888e+05
-1.791870988211677875e+06,-3.127965095566841192e+05
-1.792178912304948550e+06,-3.133049787331377738e+05
-1.792614880813912721e+06,-3.136995224185979459e+05
-1.792579994858747814e+06,-3.140998353736287681e+05
-1.792460895046242280e+06,-3.145879831800829852e+05
-1.792688455028468510e+06,-3.151897149695401895e+05
-1.793219202146591386e+06,-3.158248632250243099e+05
-1.793537934611878125e+06,-3.163705311304508359e+05
-1.793750697533058235e+06,-3.169755310454291757e+05
-1.793791074546475196e+06,-3.176603266679260414e+05
-1.793643429776614066e+06,-3.180571429768519592e+05
-1.793374217073139502e+06,-3.183057256377730519e+05
-1.792831074822955066e+06,-3.191473761640786543e+05
-1.792909784685196821e+06,-3.196798870175005868e+05
-1.793349784546471667e+06,-3.203876602638290497e+05
-1.793693353147936519e+06,-3.222742104012530763e+05
-1.794135101351276971e+06,-3.239928487925083027e+05
-1.794830222127295332e+06,-3.241235593668223009e+05
-1.795156537207572721e+06,-3.245396704882899066e+05
-1.795605351878397865e+06,-3.253045603879867704e+05
-1.795710945604003035e+06,-3.259408843564699055e+05
-1.796100238916237140e+06,-3.265150473811306292e+05
-1.796085125522689195e+06,-3.268250963975248742e+05
-1.796203604961492587e+06,-3.272323909209006815e+05
-1.796165786746914266e+06,-3.278925002366428380e+05
-1.796104696778981015e+06,-3.286032837536499719e+05
-1.795747416002975078e+06,-3.298765075297072181e+05
-1.795155245216489071e+06,-3.313217672785433824e+05
-1.795107127284306567e+06,-3.321036627337806276e+05
-1.794612406058484688e+06,-3.331434526407854864e+05
-1.794391502039258368e+06,-3.339199083664796199e+05
-1.793710862094846554e+06,-3.356118759375933441e+05
-1.792580192075490952e+06,-3.371559437945054378e+05
-1.792616469705002848e+06,-3.390997803116835421e+05
-1.791935016298080329e+06,-3.431237493756773765e+05
-1.791800673418984981e+06,-3.448064619800628861e+05
-1.791339919644206297e+06,-3.465959064777530148e+05
-1.790932613316660281e+06,-3.478611901516328217e+05
-1.790349148443860002e+06,-3.487073494761975016e+05
-1.789940292796190130e+06,-3.497559334410633310e+05
-1.789532248914150754e+06,-3.503347962740182993e+05
-1.789800662729771342e+06,-3.534863136232825345e+05
-1.789766538007063093e+06,-3.546266800040330272e+05
-1.790098123668833403e+06,-3.548467155506279669e+05
-1.790362730423587374e+06,-3.553434387281289673e+05
-1.790356842327025719e+06,-3.568260337488302612e+05
-1.790533868085042574e+06,-3.574610116728746216e+05
-1.790497712424476165e+06,-3.582204302133928868e+05
-1.790191149438189575e+06,-3.588808478845949285e+05
-1.789444721958038164e+06,-3.595085496159917675e+05
-1.788574837631076574e+06,-3.607473162148725823e+05
-1.788409281774470815e+06,-3.612980941396370181e+05
-1.787902794967880240e+06,-3.623848233438692987e+05
-1.786739950247811386e+06,-3.635961330042475020e+05
-1.786550939897184726e+06,-3.645829541140116053e+05
-1.786807901512386743e+06,-3.659617578719310695e+05
-1.786827241442191415e+06,-3.664320639323883806e+05
-1.786699884797605686e+06,-3.668254447629244532e+05
-1.785750124370728852e+06,-3.681168119547136594e+05
-1.785314651467564981e+06,-3.688957747920010006e+05
-1.785232457772484282e+06,-3.695938019310360542e+05
-1.785820066163056763e+06,-3.700689948606144753e+05
-1.786075144273482962e+06,-3.724252797935125418e+05
-1.786699533626297954e+06,-3.734254545049677836e+05
-1.787074875882624416e+06,-3.734244282280618791e+05
-1.787450168973401655e+06,-3.737999522650561994e+05
-1.787824540381428087e+06,-3.754250162238904159e+05
-1.786699915581347421e+06,-3.788001418981560273e+05
-1.785075039366099983e+06,-3.803000200486317044e+05
-1.784700056390573038e+06,-3.845499908867670456e+05
-1.783825108387220185e+06,-3.858003621157243033e+05
-1.783575120188218774e+06,-3.870501850852470379e+05
-1.782574861080681672e+06,-3.881744642830438679e+05
-1.782324680849924218e+06,-3.906752076944093569e+05
-1.780700393492592499e+06,-3.922997387171661248e+05
-1.780075294218007242e+06,-3.935500760967215756e+05
-1.779449971824273933e+06,-3.984251763409617706e+05
-1.779575409366659587e+06,-4.014245301868669922e+05
-1.779074609519118443e+06,-4.021750196199176717e+05
-1.779074894135568757e+06,-4.029251527510345913e+05
-1.779699757986452198e+06,-4.041749817579194205e+05
-1.780199826191631379e+06,-4.074246124316416681e+05
-1.780824776803036220e+06,-4.079250153153015999e+05
-1.781200661999510601e+06,-4.076746350910738111e+05
-1.781699740743888542e+06,-4.077998481398292934e+05
-1.782199749108965043e+06,-4.081750349132100819e+05
-1.782574817051860038e+06,-4.084248181459987536e+05
-1.783324642874942627e+06,-4.090505168560267193e+05
-1.783825183762477245e+06,-4.102996123522785492e+05
-1.784200114021050511e+06,-4.104248740398695809e+05
-1.784700249410668854e+06,-4.104248210129637737e+05
-1.785200156457976904e+06,-4.106749402292169980e+05
-1.785450070214888779e+06,-4.109246884132170817e+05
-1.785450460456341738e+06,-4.114244885398700135e+05
-1.785700056219451362e+06,-4.116753214930968825e+05
-1.786075151120459661e+06,-4.117998675964265713e+05
-1.786575338454209734e+06,-4.117999432354905293e+05
-1.786825118606226286e+06,-4.120499599068893585e+05
-1.787574459532454843e+06,-4.131754869666327722e+05
-1.787699744436091278e+06,-4.146751917329429998e+05
-1.788699956901135622e+06,-4.155497997608299484e+05
-1.789198995450988645e+06,-4.165497219177014777e+05
-1.789700328351675766e+06,-4.165498699122460675e+05
-1.789949727022431325e+06,-4.167998826103190077e+05
-1.790574564654050861e+06,-4.167995948544695275e+05
-1.791075601431326475e+06,-4.169242687076078146e+05
-1.792074956098511349e+06,-4.180505352111787070e+05
-1.792554098894593306e+06,-4.219788901062516379e+05
-1.793574057683954015e+06,-4.236748962996784248e+05
-1.793949804430464515e+06,-4.239250709539388772e+05
-1.794575228121926542e+06,-4.244250985951074981e+05
-1.794950024299734971e+06,-4.248004546979011502e+05
-1.795450225750308950e+06,-4.250501207485318882e+05
-1.796449629270536127e+06,-4.250502731720675365e+05
-1.796824566866154084e+06,-4.254250024346078862e+05
-1.797200347481298493e+06,-4.254250151991609018e+05
-1.797575318754315143e+06,-4.250497103389131953e+05
-1.798324968732013134e+06,-4.251753893928815960e+05
-1.798574658348461613e+06,-4.249249073978443630e+05
-1.800074838801635662e+06,-4.248005481332355994e+05
-1.800699918399287388e+06,-4.241745660194923985e+05
-1.801199918802625500e+06,-4.243004474883368821e+05
-1.801574495433987351e+06,-4.240504155663562124e+05
-1.802199966255971463e+06,-4.241753494866938563e+05
-1.802575837730619358e+06,-4.243002954490729608e+05
-1.802700817516796058e+06,-4.247999479060994927e+05
-1.803199884866177570e+06,-4.245495677738782251e+05
-1.803699925398989581e+06,-4.246754101960367407e+05
-1.804325349049329991e+06,-4.255499951883126632e+05
-1.804824881812872365e+06,-4.257997336121895351e+05
-1.805074748530166689e+06,-4.260494988682437688e+05
-1.805700349802156445e+06,-4.268003241979859304e+05
-1.806574674444337143e+06,-4.265498089245574665e+05
-1.808075188891215716e+06,-4.265502896366094938e+05
-1.808324613890288398e+06,-4.261749917018490378e+05
-1.808824909272140823e+06,-4.263000169427739456e+05
-1.809449646673836745e+06,-4.264248731251518475e+05
-1.809950026694800006e+06,-4.266750828207733575e+05
-1.811076258182283724e+06,-4.273000354980774573e+05
-1.811200133459094679e+06,-4.279250730286720791e+05
-1.811825134724481963e+06,-4.285496158689818112e+05
-1.812325370087281568e+06,-4.286750713182852487e+05
-1.812449949568799231e+06,-4.291744998255876708e+05
-1.812824751410183497e+06,-4.291755560593846603e+05
-1.813075311987085734e+06,-4.296754644075181568e+05
-1.813700131997332443e+06,-4.300500495184798492e+05
-1.814825390129133826e+06,-4.301749478897867375e+05
-1.815075120634184219e+06,-4.306742541956012719e+05
-1.815699957061716123e+06,-4.305497689194690902e+05
-1.816074909660204547e+06,-4.310494202284299536e+05
-1.816450839015202597e+06,-4.311744182447985513e+05
-1.816700097938800463e+06,-4.316751802697688108e+05
-1.817824880395804066e+06,-4.316744547027396038e+05
-1.818325936249774182e+06,-4.316757828822683659e+05
-1.819324707287139492e+06,-4.326745580481004436e+05
-1.819950204239724437e+06,-4.330496671079586959e+05
-1.820825918801323744e+06,-4.330500227854594123e+05
-1.821325071316883666e+06,-4.335500434313357109e+05
-1.821824958892931463e+06,-4.334250119868246838e+05
-1.822325043762124609e+06,-4.338003854314972996e+05
-1.822824670432180632e+06,-4.340496134375642869e+05
-1.823199911310538417e+06,-4.340496908472399227e+05
-1.823450228491191519e+06,-4.343001755946252379e+05
-1.823824657938488526e+06,-4.343000478165833629e+05
-1.824450221786965616e+06,-4.346749271421398735e+05
-1.824574263721289579e+06,-4.350495637463294552e+05
-1.824950104795209831e+06,-4.351751342060137540e+05
-1.825449799353422830e+06,-4.357998918741802336e+05
-1.825826252307201736e+06,-4.361745087194881053e+05
-1.826950308031417895e+06,-4.361756021964897518e+05
-1.827950093301268527e+06,-4.361755470861204667e+05
-1.828575349109041505e+06,-4.356752351290806546e+05
-1.830324729061567923e+06,-4.350495802967472700e+05
-1.831074989928978495e+06,-4.353000376122705056e+05
-1.832074778626316926e+06,-4.350500966024901136e+05
-1.832074467092467239e+06,-4.354252682943968102e+05
-1.832449651377972914e+06,-4.354257593316939892e+05
-1.832825108409051783e+06,-4.353004617242714739e+05
-1.833449496877994854e+06,-4.353002021827199496e+05
-1.833949571003844496e+06,-4.346750106693143607e+05
-1.834700019667060114e+06,-4.348002412182984990e+05
-1.835075152109083021e+06,-4.343007655992592918e+05
-1.835449830831687665e+06,-4.344245404663466616e+05
-1.835950275076779770e+06,-4.344252660053598229e+05
-1.836074744580358034e+06,-4.340499166763087269e+05
-1.837103070610335330e+06,-4.337418569048729260e+05
-1.838591839245720301e+06,-4.330494011680338299e+05
-1.839825456811019452e+06,-4.304256303228982724e+05
-1.840574970303692855e+06,-4.301749896764013101e+05
-1.841450111268651439e+06,-4.292997609066595905e+05
-1.842325750394668430e+06,-4.291749052754470031e+05
-1.842825009841891937e+06,-4.280496174870559480e+05
-1.843825132532103453e+06,-4.277996114061058615e+05
-1.844199940316455206e+06,-4.274249180922508240e+05
-1.846063636257393984e+06,-4.237890003032856039e+05
-1.845952269035969861e+06,-4.224658467675740831e+05
-1.845326966404536273e+06,-4.212161174085157108e+05
-1.845325048852548702e+06,-4.199252554727320676e+05
-1.839452174652526621e+06,-4.201404123165808851e+05
-1.832261225373030407e+06,-4.201110615031952038e+05
-1.827946655805332586e+06,-4.187315732740673120e+05
-1.823866892744720448e+06,-4.192892387283956050e+05
-1.818935956095922971e+06,-4.191131338480814011e+05
-1.815942173130581621e+06,-4.185261175803674269e+05
-1.812654882031383226e+06,-4.172346817913966370e+05
-1.809132784425099380e+06,-4.147692134669979569e+05
-1.803908339642445091e+06,-4.076076150008873665e+05
-1.802440798973160097e+06,-4.016787506969761453e+05
-1.802205992466074880e+06,-3.978044433300639503e+05
-1.801149363184189657e+06,-3.949867652450368041e+05
-1.799888439164433861e+06,-3.923679230501594720e+05
-1.799623120888133300e+06,-3.918168773993813084e+05
-1.799505717634590575e+06,-3.860641179757842910e+05
-1.799505717634590575e+06,-3.816027943411580636e+05
-1.800327540409390116e+06,-3.786677130025881343e+05
-1.801340143471196992e+06,-3.747200286022115615e+05
-1.803101192274338799e+06,-3.742504155880403705e+05
-1.803819861362947151e+06,-3.715717398941361462e+05
-1.805038345957794925e+06,-3.670301154951584176e+05
-1.806623289880622877e+06,-3.607490414306187886e+05
-1.807562515908965142e+06,-3.572856454511063057e+05
-1.807679919162507867e+06,-3.552897901408788166e+05
-1.808208233803450363e+06,-3.532939348306512693e+05
-1.809734476099506719e+06,-3.485978046889394172e+05
-1.811612928156191483e+06,-3.446647956952557433e+05
-1.811495524902648758e+06,-3.391468427787443507e+05
-1.809440967965649907e+06,-3.322787524464908056e+05
-1.809323564712106949e+06,-3.268782027835221961e+05
-1.810086685860135127e+06,-3.249410491000660113e+05
-1.812493452557762619e+06,-3.191295880496976315e+05
-1.813784888346733293e+06,-3.146682644150713459e+05
-1.812669557438076707e+06,-3.096786261395025067e+05
-1.810732403754620580e+06,-3.036323585820485605e+05
-1.810145387486906489e+06,-2.989949300671080709e+05
-1.810260039801930310e+06,-2.926815911126597784e+05
-1.808617419990507187e+06,-2.842457150407086592e+05
-1.807653819056421751e+06,-2.795576611063665478e+05
-1.803583245268960251e+06,-2.795002159042484709e+05
-1.797759344238141552e+06,-2.693506085475521395e+05
-1.790245536011402495e+06,-2.616019938137276040e+05
-1.786488631898032967e+06,-2.569058636720157810e+05
-1.779796646446093917e+06,-2.466917806137925072e+05
-1.774630903290210757e+06,-2.396475854012247291e+05
-1.772048031712269178e+06,-2.363602943020264502e+05
-1.767117095063471701e+06,-2.323685836815713847e+05
-1.759485883583190152e+06,-2.272028405256883707e+05
-1.748684784257252933e+06,-2.203934518202061881e+05
-1.745343903801544104e+06,-2.175818197535205982e+05
-1.736827055649430258e+06,-2.104141752690685098e+05
-1.730135070197490975e+06,-2.019611410139871878e+05
-1.728139214887263486e+06,-1.959735750833046040e+05
-1.727996692113891942e+06,-1.913415849487346713e+05
-1.731793391153783072e+06,-1.859502723120893934e+05
-1.735902505027781008e+06,-1.742099469578099088e+05
-1.742359683972634608e+06,-1.636436541389583435e+05
-1.747290620621431619e+06,-1.481464246713094180e+05
-1.752925976791485678e+06,-1.352320667816019559e+05
-1.755039235355256125e+06,-1.227873219060656847e+05
-1.755039235355256125e+06,-1.129254486084708915e+05
-1.748464653156859567e+06,-8.521828077237124671e+04
-1.747525427128517069e+06,-6.220724307798341033e+04
-1.744707749043490039e+06,-3.543930127022613306e+04
-1.749638685692287516e+06,-1.618516768920773757e+04
-1.747055814114345936e+06,-7.497326927040900046e+03
-1.742594490479719592e+06,6.825870005180098815e+03
-1.735315488760066452e+06,1.645293679568928201e+04
-1.722401130870359018e+06,2.654961660036965623e+04
-1.711365225037336349e+06,4.157723305384743435e+04
-1.698450867147628684e+06,6.411865773406409426e+04
-1.690702252413804410e+06,7.210207897497415252e+04
-1.680733849083097884e+06,8.310885765262920177e+04
-1.679431540073696058e+06,8.454682385051043821e+04
-1.666751988691074075e+06,9.464350365519081242e+04
-1.655122517083266517e+06,1.030702441424705612e+05
-1.646955338432674762e+06,9.668963582169584697e+04
-1.625771718807702418e+06,8.571498950996328495e+04
-1.597697042196293594e+06,7.907915685635752743e+04
-1.588253741881547030e+06,7.805825952503358712e+04
-1.564773103261096170e+06,8.112095151900546625e+04
-1.548183521627082024e+06,8.341797051448439015e+04
-1.539761118643659167e+06,7.984482985485054087e+04
-1.535677529318363406e+06,7.474034319823072292e+04
-1.516724773436408956e+06,4.775083983520418406e+04
-1.504031591382722836e+06,3.042396449042088352e+04
-1.489228580078525469e+06,1.485528018773050280e+04
-1.479783400428376393e+06,5.574549001032457454e+03
-1.471616221777784871e+06,-4.379199979376164265e+03
-1.460131126800390193e+06,-1.586429495677069644e+04
-1.450432602152812760e+06,-2.045833294772851514e+04
-1.438977765798544744e+06,-2.699399305494150030e+04
-1.425450876158502186e+06,-3.133280671306833392e+04
-1.412434435184121830e+06,-3.694774203535010747e+04
-1.390485142560656881e+06,-4.639104235009672993e+04
-1.373513664095097221e+06,-5.152766696524572035e+04
-1.361007671786378603e+06,-5.510080762487956963e+04
-1.351464198925239267e+06,-5.619719792515934387e+04
-1.336198885489260545e+06,-5.490203468977521698e+04
-1.327054164517771685e+06,-5.358255801519363013e+04
-1.307916627803495154e+06,-5.044481059413034382e+04
-1.295237725330028217e+06,-4.510237020522535022e+04
-1.274687088857284514e+06,-2.601143079804106674e+04
-1.259330896545035765e+06,-3.169389088309426370e+03
-1.248224078176373150e+06,5.962119279887308949e+03
-1.233957064525131835e+06,1.278475135473983755e+04
-1.215288843424105551e+06,1.821288725577482546e+04
-1.199482276792754652e+06,2.095589262996174511e+04
-1.187659179490282666e+06,2.309599406908599485e+04
-1.177799747861632146e+06,1.023517659040951366e+04
-1.170751204093579203e+06,2.808631453323661844e+03
-1.128655415467531420e+06,-2.443071244307821325e+04
-1.111520701159513788e+06,-3.442781643391343823e+04
-1.089148369386684382e+06,-5.167698611713359423e+04
-1.059379777650240809e+06,-7.341456300705503963e+04
-1.041226712060711347e+06,-8.673537491976162710e+04
-1.020634825665425393e+06,-1.118286441012229188e+05
-1.014410310993951396e+06,-1.227763845321912522e+05
-1.003718694105209433e+06,-1.335376810893655638e+05
-1.001191667210948886e+06,-1.366135886373027752e+05
-9.997219940809414256e+05,-1.392116029365347640e+05
-9.994108047850561561e+05,-1.429725497849500680e+05
-9.974769633265584707e+05,-1.550370216104228748e+05
-1.000084877694693743e+06,-1.663737201312284742e+05
-1.008363358163382160e+06,-1.811073881035423256e+05
-1.013599085668913205e+06,-1.903030425679617911e+05
-1.022809818415536312e+06,-2.022399737412430695e+05
-1.036932965387611068e+06,-2.200092893423564965e+05
-1.054226202131046215e+06,-2.392100765487305180e+05
-1.066680147825583350e+06,-2.612695381482731609e+05
-1.076617980903718853e+06,-2.787059162209632923e+05
-1.078496432960403385e+06,-2.878198635327157681e+05
-1.081135386309566908e+06,-2.967364767029718496e+05
-1.083832517314390978e+06,-3.111061176976177376e+05
-1.088495296676260419e+06,-3.597095788152916357e+05
-1.087370602301265113e+06,-4.035019124675515923e+05
-1.086207575328637846e+06,-4.487868061810847139e+05
-1.088086027385322377e+06,-4.666321007195875281e+05
-1.098887126711258432e+06,-4.863558473147748155e+05
-1.115323582207247848e+06,-5.276817925618340960e+05
-1.131760037703237263e+06,-5.821569022056850372e+05
-1.144439589085857617e+06,-6.112729090842946898e+05
-1.159467205539334798e+06,-6.511900152888403973e+05
-1.170737917879443849e+06,-6.979165101988676470e+05
-1.188793528361294419e+06,-7.521001285611514468e+05
-1.198351232074652798e+06,-7.704390511303329840e+05
-1.204524819611754501e+06,-7.819335476176899392e+05
-1.208093427301394520e+06,-8.071029538102771621e+05
-1.209309379978790879e+06,-8.272339444884050172e+05
-1.207088056694933912e+06,-8.484254517260421999e+05
-1.201967183321828488e+06,-8.596981935808296548e+05
-1.212360740802143468e+06,-8.522473536067823879e+05
-1.224173190243429272e+06,-8.420440088465836598e+05
-1.240013175173061900e+06,-8.403780206696563400e+05
-1.244474498807688011e+06,-8.429608922475978034e+05
-1.248466209428142989e+06,-8.483614419105661800e+05
-1.251753500527340919e+06,-8.516487330097642262e+05
-1.255275598133624764e+06,-8.500050874601652613e+05
-1.262319793346192222e+06,-8.429608922475978034e+05
-1.264667858417048119e+06,-8.316901799074899172e+05
-1.265484329505174421e+06,-8.286529074596599676e+05
-1.266433071634290973e+06,-8.251235867393466178e+05
-1.270538021094187628e+06,-8.098531747485308442e+05
-1.272181666643786710e+06,-7.937689290131684393e+05
-1.275838761758685345e+06,-7.864192686133841053e+05
-1.280093686776876450e+06,-7.820631174402098404e+05
-1.291083590464175912e+06,-7.713449075864955084e+05
-1.304584964621596737e+06,-7.633614863455857849e+05
-1.309490840158617124e+06,-7.587086819778713398e+05
-1.313742418397934409e+06,-7.530300000338201644e+05
-1.319612581075074151e+06,-7.530300000338201644e+05
-1.329709260879753856e+06,-7.502123219487931347e+05
-1.337692682120663812e+06,-7.493904991739933612e+05
-1.345910909868658753e+06,-7.495079024275363190e+05
-1.352602895320598036e+06,-7.511515479771352839e+05
-1.361408139336306835e+06,-7.537344195550765144e+05
-1.368687141055959975e+06,-7.592523724715877324e+05
-1.381718902199209668e+06,-7.684098262479254045e+05
-1.389584920186576666e+06,-7.720493271077519748e+05
-1.399329390230628429e+06,-7.736929726573509397e+05
-1.406725795203824062e+06,-7.702882783046100521e+05
-1.411421925345535856e+06,-7.673531969660402974e+05
-1.417409491276218090e+06,-7.633614863455854356e+05
-1.418864084468149813e+06,-7.617096601784764789e+05
-1.422763818046938628e+06,-7.572811491652756231e+05
-1.424336283235242823e+06,-7.554954683582184371e+05
-1.427740977587983711e+06,-7.443421592716532759e+05
-1.432437107729695505e+06,-7.364761412842863938e+05
-1.441946771266661584e+06,-7.222703476056087529e+05
-1.450986821789456299e+06,-7.175742174638970755e+05
-1.458970243030366022e+06,-7.166349914355548099e+05
-1.467775487046075519e+06,-7.169872011961831013e+05
-1.481394264457039069e+06,-7.129954905757282395e+05
-1.489671193831805838e+06,-7.088276750749590574e+05
-1.497537211819172837e+06,-7.073014327789027011e+05
-1.503818285883712117e+06,-7.033684237852193182e+05
-1.506048947701025289e+06,-6.996115196718500229e+05
-1.509218835546680493e+06,-6.943870748891957337e+05
-1.509703530701291980e+06,-6.948102214527453762e+05
-1.512917038033278426e+06,-6.976156643616225338e+05
-1.516086925878933864e+06,-6.987309952702790033e+05
-1.529177388648954919e+06,-6.975569627348510548e+05
-1.539684979841034627e+06,-6.975569627348510548e+05
-1.544146303475660738e+06,-6.989071001505930908e+05
-1.548255417349658441e+06,-6.999050278057068354e+05
-1.550712058968870202e+06,-7.027203032379422802e+05
-1.556297540217339527e+06,-7.091211832088158699e+05
-1.559995742703937460e+06,-7.128780873221851652e+05
-1.561463283373222454e+06,-7.166349914355545770e+05
-1.565572397247220157e+06,-7.200396857882955810e+05
-1.570972946910188533e+06,-7.225638557394655654e+05
-1.574788552650329191e+06,-7.245597110496930545e+05
-1.577430125855042133e+06,-7.264381631063777022e+05
-1.577195319347956218e+06,-7.343335319071302656e+05
-1.576432198199928040e+06,-7.366522461646003649e+05
-1.574231953285833821e+06,-7.387149898928053444e+05
-1.578502552589372732e+06,-7.385914270548692439e+05
-1.579687248594463104e+06,-7.380251239984462736e+05
-1.581040297542107757e+06,-7.378561574182724580e+05
-1.581696524560822640e+06,-7.376756690180167789e+05
-1.582353325393641368e+06,-7.375352929267568979e+05
-1.583150336785917869e+06,-7.374324786449902458e+05
-1.584373274894337403e+06,-7.373692335087611573e+05
-1.584397787510504480e+06,-7.367768950888030231e+05
-1.585298597051984863e+06,-7.363276655466849916e+05
-1.586648505650189472e+06,-7.363285444028382190e+05
-1.587303561285259668e+06,-7.374737325575078139e+05
-1.587997486657185713e+06,-7.376794297747922828e+05
-1.589169518100333866e+06,-7.370115687058679760e+05
-1.590249716513099149e+06,-7.358802206869081128e+05
-1.591149433840066893e+06,-7.358808960812686710e+05
-1.592049264386354014e+06,-7.363320514120636508e+05
-1.592705224433247466e+06,-7.369903895410399418e+05
-1.593322096186489332e+06,-7.370279859459566651e+05
-1.594299345055873506e+06,-7.367836940120299114e+05
-1.594749024649922270e+06,-7.367832911615412449e+05
-1.597015105107983807e+06,-7.350695240572707262e+05
-1.597766707696280442e+06,-7.337383570089848945e+05
-1.598296225076797651e+06,-7.321824991403571330e+05
-1.597897149949438637e+06,-7.312734471955214394e+05
-1.597794136753655039e+06,-7.306572047684615245e+05
-1.598192716673424002e+06,-7.303357331618909957e+05
-1.598579321746331872e+06,-7.302733465078982990e+05
-1.599414936606554082e+06,-7.300034427434270037e+05
-1.600701522716443520e+06,-7.293085118660769658e+05
-1.601510953040682478e+06,-7.284081259152378188e+05
-1.602615372745638015e+06,-7.280236034908770816e+05
-1.603516417769297026e+06,-7.275737961606052704e+05
-1.605085084417750360e+06,-7.272898352438014699e+05
-1.606950046530968510e+06,-7.260942687121632043e+05
-1.607786869774547173e+06,-7.251142284717287403e+05
-1.608675085071007255e+06,-7.249808914453624748e+05
-1.609344657917714212e+06,-7.237448226341670379e+05
-1.609434456963533768e+06,-7.229538678162539145e+05
-1.609163118053046288e+06,-7.220834172744976822e+05
-1.607949515005174559e+06,-7.205497674743690295e+05
-1.607450251049596118e+06,-7.195499567066539312e+05
-1.607324870794130489e+06,-7.181747230071343947e+05
-1.607324830567758065e+06,-7.177998718254446285e+05
-1.607949979955604766e+06,-7.170499914914665278e+05
-1.608310925050380873e+06,-7.157732591831865720e+05
-1.607950085263691377e+06,-7.146754165897065541e+05
-1.607507526074107736e+06,-7.143338121188457590e+05
-1.606968399070903659e+06,-7.137483763526137918e+05
-1.605751471586711472e+06,-7.136052030967773171e+05
-1.604626325058201095e+06,-7.136052049681093777e+05
-1.604377543351183180e+06,-7.133558809552962193e+05
-1.603450125140603865e+06,-7.129249167886717478e+05
-1.603074850602384889e+06,-7.126752299277817365e+05
-1.602699767748370068e+06,-7.125498864086947870e+05
-1.602618382115083979e+06,-7.124685208275541663e+05
-1.602446966792616062e+06,-7.126361269206339493e+05
-1.599786896694968920e+06,-7.138039625732594868e+05
-1.598878580076260259e+06,-7.142581208826138172e+05
-1.597483665268957382e+06,-7.149069184674058342e+05
-1.595991430823935894e+06,-7.156205958106770413e+05
-1.592455483986819629e+06,-7.164315927916669752e+05
-1.591093009058756521e+06,-7.166911118255837355e+05
-1.589535894855255727e+06,-7.167559915840629255e+05
-1.587102903912285808e+06,-7.162693933954689419e+05
-1.585805308742701774e+06,-7.158476749653541483e+05
-1.585221390916388948e+06,-7.152637571390414378e+05
-1.585124071278670104e+06,-7.145500797957702307e+05
-1.585383590312586864e+06,-7.139012822109782137e+05
-1.586032387897378998e+06,-7.134471239016238833e+05
-1.587459742583921412e+06,-7.128632060753110563e+05
-1.588951977028942900e+06,-7.123117281282378826e+05
-1.590573970990922768e+06,-7.115980507849666756e+05
-1.592455483986819629e+06,-7.103653353738619480e+05
-1.592715003020736389e+06,-7.099436169437471544e+05
-1.593169161330090836e+06,-7.095543383928720141e+05
-1.595667032031539828e+06,-7.079323444308920298e+05
-1.597353905751999235e+06,-7.068618284159854520e+05
-1.597834808323018253e+06,-7.061784405519057764e+05
-1.597826016829643166e+06,-7.061755112827371340e+05
-1.597574697529850062e+06,-7.059250959871524246e+05
-1.597574634389463812e+06,-7.053001730611376697e+05
-1.598450154432337498e+06,-7.045501354434024543e+05
-1.598950252588290954e+06,-7.025498241137675941e+05
-1.599575146991322050e+06,-7.019250047512096353e+05
-1.599574774722741684e+06,-7.011751290277361404e+05
-1.600450005848869449e+06,-6.996749648772234796e+05
-1.600574628213224933e+06,-6.977999263908293797e+05
-1.599957491790220374e+06,-6.972085786670447560e+05
-1.599501188220187323e+06,-6.971307199968517525e+05
-1.599074933388053440e+06,-6.963004184135484975e+05
-1.598575035286987433e+06,-6.961749183632208733e+05
-1.597824726692011114e+06,-6.954249930989755085e+05
-1.597325718482009135e+06,-6.943002786596410442e+05
-1.596699578989131376e+06,-6.943001297940162476e+05
-1.596199757421544753e+06,-6.937997447691505076e+05
-1.595177688896021107e+06,-6.919708862006856361e+05
-1.594527048261582619e+06,-6.909063970618298044e+05
-1.593700332986218622e+06,-6.905501357172648422e+05
-1.593420684160130797e+06,-6.902703320885876892e+05
-1.593121375649235444e+06,-6.901694437915771268e+05
-1.592257703315427294e+06,-6.907662295998370973e+05
-1.591257297530581709e+06,-6.907658124147871276e+05
-1.591007667530623963e+06,-6.905159530935859075e+05
-1.590601101523096673e+06,-6.904804481192592066e+05
-1.590122467116350774e+06,-6.901531278997492045e+05
-1.589872834531900939e+06,-6.897781175470477901e+05
-1.589390695499734487e+06,-6.895979503468803596e+05
-1.588824804204748478e+06,-6.887999541222483385e+05
-1.588825197337944759e+06,-6.883000397805292159e+05
-1.588449634008574532e+06,-6.881750227119089104e+05
-1.588354754532251507e+06,-6.876360562380452175e+05
-1.587161698779647006e+06,-6.879682347706460860e+05
-1.585957478826362640e+06,-6.884572113189392257e+05
-1.585450016377887223e+06,-6.888499540648809634e+05
-1.585113390121066710e+06,-6.892198904241439886e+05
-1.583706828891651239e+06,-6.900862445695912465e+05
-1.582778473601405974e+06,-6.906268553622399922e+05
-1.581401606151103042e+06,-6.917792095617223531e+05
-1.580809458792123012e+06,-6.920920269617327722e+05
-1.580164888134250650e+06,-6.924799170954275178e+05
-1.579686247244295198e+06,-6.928778016631127102e+05
-1.579094303377755452e+06,-6.934136017385721207e+05
-1.578421537077334477e+06,-6.938681744083506055e+05
-1.577970970245293574e+06,-6.943180759426895529e+05
-1.577520944937017513e+06,-6.943178955930431839e+05
-1.577070948188590351e+06,-6.947679437443821225e+05
-1.575270453696975252e+06,-6.947671311585006770e+05
-1.574706628679717192e+06,-6.938675778547727969e+05
-1.574256655359198805e+06,-6.934169919338668697e+05
-1.574143715193786658e+06,-6.927161218488484155e+05
-1.573979089632673189e+06,-6.918680247625393094e+05
-1.573836293788633076e+06,-6.911899436147930101e+05
-1.573358601010829909e+06,-6.910243879532414721e+05
-1.572879974365548929e+06,-6.907497150400577812e+05
-1.572174540044655092e+06,-6.898156979227723787e+05
-1.571208266696929699e+06,-6.893625397368253907e+05
-1.569619757748131873e+06,-6.898121550322680268e+05
-1.569169839550283970e+06,-6.898121333095710725e+05
-1.568269357860582648e+06,-6.902619274952571141e+05
-1.567535250805977266e+06,-6.902620089874173282e+05
-1.565890723028479842e+06,-6.909398538128710352e+05
-1.563138758976032026e+06,-6.910938922116440954e+05
-1.562494435886859195e+06,-6.905015034268151503e+05
-1.561941081056589494e+06,-6.893789232172999764e+05
-1.561737395095736021e+06,-6.885761108714608708e+05
-1.561002706115251873e+06,-6.881024837483472656e+05
-1.560244321348764002e+06,-6.868326937488709809e+05
-1.559989207438157871e+06,-6.861553221922641387e+05
-1.559224558905106736e+06,-6.860472223439038498e+05
-1.557829131169641390e+06,-6.861885474380201194e+05
-1.556675711679989472e+06,-6.862258852257850813e+05
-1.555446389219653793e+06,-6.860961532558994368e+05
-1.554573838085844647e+06,-6.852122784035486402e+05
-1.554522951298621716e+06,-6.844207289739585249e+05
-1.554579743956189370e+06,-6.839707359691595193e+05
-1.555154799656027695e+06,-6.829810567146431422e+05
-1.555763458007903770e+06,-6.817780265519242967e+05
-1.556286107573247980e+06,-6.810038517960679019e+05
-1.557027911791265709e+06,-6.805867581507010618e+05
-1.557676895473883022e+06,-6.803596017946470529e+05
-1.559544604032162810e+06,-6.795940921274803113e+05
-1.560818978061319795e+06,-6.789965631650099531e+05
-1.564090796856877394e+06,-6.751560978988637216e+05
-1.565058121714771725e+06,-6.744218636335094925e+05
-1.565624516902638366e+06,-6.739494566858803155e+05
-1.566254970148646971e+06,-6.728700414984147064e+05
-1.565984930546768010e+06,-6.724702370709907264e+05
-1.565373046911032172e+06,-6.722462405009958893e+05
-1.564600198746473296e+06,-6.723435045472990023e+05
-1.563878266777861165e+06,-6.725272190914335661e+05
-1.562701375582251698e+06,-6.727794419730630470e+05
-1.561419647382992087e+06,-6.729523215586862061e+05
-1.560380579591730144e+06,-6.731010456437431276e+05
-1.559696072082109516e+06,-6.731987058087801561e+05
-1.559073257154563908e+06,-6.731426810433410574e+05
-1.558420672182409093e+06,-6.728724935749375727e+05
-1.557663912365733180e+06,-6.726392639767141081e+05
-1.556496172927885782e+06,-6.723128033349913312e+05
-1.555669997345343465e+06,-6.720913843432861613e+05
-1.553756968920719577e+06,-6.723193923016785411e+05
-1.553307335135458736e+06,-6.727697767383096507e+05
-1.552669468769111438e+06,-6.732380974602909992e+05
-1.551677845978266792e+06,-6.733383990752643440e+05
-1.549820179733690107e+06,-6.738966979974963469e+05
-1.548806145541926147e+06,-6.741192219839191530e+05
-1.547906136934624752e+06,-6.743181738195972284e+05
-1.547456277543839766e+06,-6.745691757471193559e+05
-1.547107007467997260e+06,-6.747454577580577461e+05
-1.546498152614224935e+06,-6.749174625787835103e+05
-1.546033459415468853e+06,-6.751195673259780742e+05
-1.545604606233419850e+06,-6.752984405928052729e+05
-1.544081769347462570e+06,-6.752102951183915138e+05
-1.543514229937775061e+06,-6.754973903028098866e+05
-1.542700224095314043e+06,-6.753501931650534971e+05
-1.541691511235840153e+06,-6.760045957581731491e+05
-1.540444912558309501e+06,-6.776494188098283485e+05
-1.539511385314714396e+06,-6.787875946859483374e+05
-1.538591165542987874e+06,-6.795942321821032092e+05
-1.536632848357379669e+06,-6.805895223827300360e+05
-1.535661131602805806e+06,-6.815414321739886655e+05
-1.535292475082772551e+06,-6.818830300738008227e+05
-1.534789356223253999e+06,-6.824573467675026041e+05
-1.534238110775872134e+06,-6.829451275456268340e+05
-1.533665326245260192e+06,-6.832486025575506501e+05
-1.532822305555287283e+06,-6.838530718797792215e+05
-1.532087909559317632e+06,-6.842178783221800113e+05
-1.531392324313934660e+06,-6.845303904406157089e+05
-1.530060496488431934e+06,-6.851515053864106303e+05
-1.528558412636056310e+06,-6.856641047879834659e+05
-1.528055115820164792e+06,-6.859537335902506020e+05
-1.526309484582732664e+06,-6.865144456283056643e+05
-1.524805472632241668e+06,-6.861495357531018090e+05
-1.524814543625506572e+06,-6.848946968033730518e+05
-1.525841316749857040e+06,-6.832921411545308074e+05
-1.526770224562606541e+06,-6.823031727995591937e+05
-1.527149913791612489e+06,-6.815150570950757246e+05
-1.528276984830456087e+06,-6.805836396441762336e+05
-1.528333730214008130e+06,-6.801905794598988723e+05
-1.529262581399647053e+06,-6.795465627038289094e+05
-1.529742162083040457e+06,-6.788498891396239633e+05
-1.530289099611449521e+06,-6.782887321135326056e+05
-1.530857596722268965e+06,-6.773672660049046390e+05
-1.530965973205241375e+06,-6.765758352804037277e+05
-1.529795769774567569e+06,-6.757353633569919039e+05
-1.529031072377934586e+06,-6.749180395942777395e+05
-1.528501111991103273e+06,-6.744730376647275407e+05
-1.528597171162293991e+06,-6.736532950461531291e+05
-1.528163369544336107e+06,-6.730483174112368142e+05
-1.525121368598920992e+06,-6.732757600902593695e+05
-1.523424887975959340e+06,-6.734413338392801816e+05
-1.520911316070045577e+06,-6.740391395329362713e+05
-1.519294130043489160e+06,-6.732474018885053229e+05
-1.517613810426998185e+06,-6.729914634832873708e+05
-1.516400659591070609e+06,-6.727405625966448570e+05
-1.513672193742108997e+06,-6.723707093540068017e+05
-1.511657190184742445e+06,-6.722050633316721069e+05
-1.511223102967912331e+06,-6.722842353071549442e+05
-1.509634618763716193e+06,-6.725739545792127028e+05
-1.509184662583802361e+06,-6.730243665355013218e+05
-1.508284757668217411e+06,-6.730242344799202401e+05
-1.507384062025207328e+06,-6.739246164470785297e+05
-1.506962664283825085e+06,-6.742659880746136187e+05
-1.506569030076252297e+06,-6.744315495765833184e+05
-1.506261378549468471e+06,-6.746875156411051285e+05
-1.505783299532115459e+06,-6.749958377611944452e+05
-1.505201022132670041e+06,-6.755360462851250777e+05
-1.504291110242080409e+06,-6.762061005082674092e+05
-1.503755474846697412e+06,-6.764867430061870255e+05
-1.503131565036101965e+06,-6.770410942703725304e+05
-1.501999119732377352e+06,-6.781539031787674176e+05
-1.499961096022067824e+06,-6.793876237349695293e+05
-1.498356658983246423e+06,-6.794790931978084845e+05
-1.497097946052332176e+06,-6.793628354974793037e+05
-1.496075488592045382e+06,-6.795903810235376004e+05
-1.495567990960345836e+06,-6.796743489930544747e+05
-1.494667451821805676e+06,-6.797307627348323585e+05
-1.494048491982006934e+06,-6.791393466126101557e+05
-1.493403736888204236e+06,-6.787757211366111878e+05
-1.492592345001376467e+06,-6.778926059212579858e+05
-1.492583529843403259e+06,-6.757469101841576630e+05
-1.492277619228419149e+06,-6.742924181733514415e+05
-1.491828231289103860e+06,-6.738420349176825257e+05
-1.491378225261729443e+06,-6.738413051004912704e+05
-1.490399637794002891e+06,-6.731123786900743144e+05
-1.489386274067377904e+06,-6.727051035872752545e+05
-1.488440339412057074e+06,-6.718531503788393456e+05
-1.487815995355503168e+06,-6.711943167803062825e+05
-1.487003493755894946e+06,-6.703280522718685679e+05
-1.486395678248320939e+06,-6.697245073211792624e+05
-1.486029730033197906e+06,-6.690562216318718856e+05
-1.485819085637555225e+06,-6.685261024003830971e+05
-1.485797316420450574e+06,-6.676862022215980105e+05
-1.485966739957140293e+06,-6.670023330023479648e+05
-1.486600988508366048e+06,-6.661817512619551271e+05
-1.487299975990104722e+06,-6.656483812103753444e+05
-1.488113291400059825e+06,-6.652785354505515425e+05
-1.488912439061830053e+06,-6.647450172464417992e+05
-1.490372815350607038e+06,-6.638342155689281644e+05
-1.491693707353724400e+06,-6.635209071393851191e+05
-1.493761617278187769e+06,-6.635275780997852562e+05
-1.494719058678659378e+06,-6.639250677397473482e+05
-1.497371524245115463e+06,-6.635404334404958645e+05
-1.498824785455851816e+06,-6.632849329408236081e+05
-1.499701409131339751e+06,-6.628926039628528524e+05
-1.501435522422774229e+06,-6.622743970542378956e+05
-1.502336460867043585e+06,-6.616889089542907896e+05
-1.503439165234584128e+06,-6.611835661044087028e+05
-1.504191214315341553e+06,-6.604819383425930282e+05
-1.504980755910519976e+06,-6.595716667065626243e+05
-1.505621589095764561e+06,-6.585850512938472675e+05
-1.505843940470203524e+06,-6.579123050552125787e+05
-1.506461552644735202e+06,-6.570135925379144028e+05
-1.506532593735687435e+06,-6.564498997681844048e+05
-1.507659495695826365e+06,-6.548525605491101742e+05
-1.510553688476199983e+06,-6.521204595304320101e+05
-1.512160145830718335e+06,-6.505608580681984313e+05
-1.512912399905879516e+06,-6.496345658802343532e+05
-1.513695630649423925e+06,-6.489591728912094841e+05
-1.514317338902520481e+06,-6.482892394910319708e+05
-1.515326222229819512e+06,-6.478875692902118899e+05
-1.515617756950872019e+06,-6.474821095665388275e+05
-1.514352472012016224e+06,-6.471182703385195928e+05
-1.513863860160617623e+06,-6.454224283859411953e+05
-1.513899568639323581e+06,-6.445644832057208987e+05
-1.513844456902561942e+06,-6.440224525420534192e+05
-1.513175346910109511e+06,-6.423062540490179090e+05
-1.513083790531438077e+06,-6.413371561908409931e+05
-1.513293977000784595e+06,-6.408907541518649086e+05
-1.513902319661300629e+06,-6.410449751347496640e+05
-1.514556398241922027e+06,-6.408922117515109712e+05
-1.514656128336078487e+06,-6.403556797067275038e+05
-1.513538731235018698e+06,-6.393493014612888219e+05
-1.512582469437607797e+06,-6.375897985392735573e+05
-1.511850796152128838e+06,-6.358809079930431908e+05
-1.511152240049039014e+06,-6.350417736414899118e+05
-1.510462983990792884e+06,-6.345457743994878838e+05
-1.509374345183149446e+06,-6.343998726468385430e+05
-1.508370701198144583e+06,-6.336493199748280458e+05
-1.504617267721396638e+06,-6.341133590210381662e+05
-1.503013665629134979e+06,-6.341232519187241560e+05
-1.502070736809030874e+06,-6.334448301730094245e+05
-1.501742687479866901e+06,-6.318490487027065828e+05
-1.502290284155122936e+06,-6.303173367786471499e+05
-1.502972877296918537e+06,-6.284390225319204619e+05
-1.502921166338435374e+06,-6.273803289744415088e+05
-1.502313728900355054e+06,-6.264292090392290847e+05
-1.500982112549402751e+06,-6.262599396585046779e+05
-1.499984543762207730e+06,-6.265346873551768949e+05
-1.498013812261989340e+06,-6.284475175890275277e+05
-1.495435656252167653e+06,-6.322293140725377016e+05
-1.493298254765920341e+06,-6.335582271806068020e+05
-1.490443079167298973e+06,-6.363612154008679790e+05
-1.488669776508866344e+06,-6.376270933058505179e+05
-1.486977189861165592e+06,-6.379483531333924038e+05
-1.485599076069904491e+06,-6.375652963328199694e+05
-1.485370720348385861e+06,-6.360666181247781496e+05
-1.484836793409463251e+06,-6.349569803795407061e+05
-1.484526489290893544e+06,-6.335703228967724135e+05
-1.485129259509044699e+06,-6.307715285442222375e+05
-1.485667107546979794e+06,-6.282412620546661783e+05
-1.485670051178237190e+06,-6.267499945463504409e+05
-1.485656427619250724e+06,-6.256866267567882314e+05
-1.487166831967329141e+06,-6.217480659855399281e+05
-1.489589163603925612e+06,-6.194401586899309186e+05
-1.492691291193871992e+06,-6.169569798635879997e+05
-1.495674407237672014e+06,-6.155812559991691960e+05
-1.498848088896129047e+06,-6.138662691689983476e+05
-1.500156553764976561e+06,-6.125705151591924950e+05
-1.501047775211311178e+06,-6.115910058804344153e+05
-1.501451764520894270e+06,-6.107106035735250916e+05
-1.501459135327353142e+06,-6.100192271294958191e+05
-1.501228133296656189e+06,-6.086393036013192032e+05
-1.501255575216005091e+06,-6.067537878875589231e+05
-1.500766159342864063e+06,-6.055525645724050701e+05
-1.500140897058010101e+06,-6.038412329572401941e+05
-1.499388515182789415e+06,-6.032639669369328767e+05
-1.499189346997521119e+06,-6.012184790307993535e+05
-1.499684999215432210e+06,-6.001225976399836363e+05
-1.499649642609268427e+06,-5.991087067017070949e+05
-1.499133820055614458e+06,-5.971941338511959184e+05
-1.496153752466181759e+06,-5.949028260538198519e+05
-1.494272435352859786e+06,-5.943810733368343208e+05
-1.493891186198533745e+06,-5.934310628863645252e+05
-1.494123463364949683e+06,-5.925927808971679769e+05
-1.494415248875100631e+06,-5.917453462019340368e+05
-1.494565712198975263e+06,-5.901793894906288479e+05
-1.495167872822548263e+06,-5.895863165517636808e+05
-1.496181415879142703e+06,-5.892462582854836946e+05
-1.498103424362063175e+06,-5.898508909140337491e+05
-1.499353652291672071e+06,-5.900442659657603363e+05
-1.502039621021265863e+06,-5.903581008528698003e+05
-1.502689443597283680e+06,-5.900811656831427244e+05
-1.502719647387749748e+06,-5.868470185588051099e+05
-1.505199580853466177e+06,-5.837853265579768922e+05
-1.507134230198708829e+06,-5.821755018486818299e+05
-1.508227482800828991e+06,-5.809766881479605800e+05
-1.509414666976220906e+06,-5.786000275159438606e+05
-1.509932065714590950e+06,-5.757228209079060471e+05
-1.510311214192664716e+06,-5.749098017591924872e+05
-1.511847431189541006e+06,-5.742613512093202444e+05
-1.513089181293800939e+06,-5.730635302219456062e+05
-1.513850550595645560e+06,-5.718649779793098569e+05
-1.513060937715876848e+06,-5.710038624603388598e+05
-1.512171213790141977e+06,-5.708348768361102557e+05
-1.511674002344847191e+06,-5.703153515715129906e+05
-1.511783087995728711e+06,-5.689484399857145036e+05
-1.511467183113185456e+06,-5.678619651778773405e+05
-1.511454833409671439e+06,-5.671495882892361842e+05
-1.512092530809093267e+06,-5.665357075814721175e+05
-1.514619003130821511e+06,-5.661535392450261861e+05
-1.514657878411672311e+06,-5.653103584319388028e+05
-1.516126738059016876e+06,-5.623699326764602447e+05
-1.516213123417969095e+06,-5.617006566076813033e+05
-1.515763980512164533e+06,-5.613586768658385845e+05
-1.515313544832750922e+06,-5.612505996034058044e+05
-1.514413488716085674e+06,-5.612504584829999367e+05
-1.513244733529552817e+06,-5.610057017980365781e+05
-1.512486540825693635e+06,-5.604579825741335517e+05
-1.511797180046980036e+06,-5.601778107317104004e+05
-1.511602463288461324e+06,-5.592457763675565366e+05
-1.511782760664169444e+06,-5.587314773656376638e+05
-1.512186551117258379e+06,-5.582095504925812129e+05
-1.512234017743277829e+06,-5.569925376414336497e+05
-1.512395532645696076e+06,-5.558925351196888369e+05
-1.513420666099283146e+06,-5.551068846046848921e+05
-1.515284870181838050e+06,-5.545630617846035166e+05
-1.516116957870311337e+06,-5.534766027765733888e+05
-1.516449353480115533e+06,-5.521345234854485607e+05
-1.516602291088390863e+06,-5.504045850522033870e+05
-1.516919590835541952e+06,-5.486930615536650876e+05
-1.518163899142318871e+06,-5.484149218360810773e+05
-1.518441493967843475e+06,-5.482116680014291778e+05
-1.518630323012788082e+06,-5.478522142112648580e+05
-1.518644365983347641e+06,-5.473737444261695491e+05
-1.518380895251426846e+06,-5.470439438511379994e+05
-1.516825819658958353e+06,-5.469962601871871157e+05
-1.515855926815961953e+06,-5.462592194941015914e+05
-1.515459817870896310e+06,-5.453206571653658757e+05
-1.515456671361004468e+06,-5.453013092255921802e+05
-1.515230345187654719e+06,-5.439096259569530375e+05
-1.515812020756902639e+06,-5.430286365009821020e+05
-1.516370893590665190e+06,-5.423345531291741645e+05
-1.517284715104542673e+06,-5.404508040656228550e+05
-1.517630712579346262e+06,-5.400339455096876482e+05
-1.518754496447633021e+06,-5.388963923612479120e+05
-1.520659172929739812e+06,-5.377069140028619440e+05
-1.521643845130475238e+06,-5.371753550576319685e+05
-1.522462192067035474e+06,-5.370509340284237405e+05
-1.523688877396869007e+06,-5.364237232643981697e+05
-1.525278549907164648e+06,-5.357856767656906741e+05
-1.526750174345486797e+06,-5.350593787803442683e+05
-1.527281012427983107e+06,-5.341698254260373069e+05
-1.526949871242316207e+06,-5.334250272468313342e+05
-1.527199547904656734e+06,-5.310500900307053234e+05
-1.526700030881114537e+06,-5.305501007922734134e+05
-1.526700218439604156e+06,-5.297997645287094638e+05
-1.527700327658355003e+06,-5.268004467086765217e+05
-1.527449504022342619e+06,-5.255499417177430587e+05
-1.527699564507123083e+06,-5.238002145615576301e+05
-1.526949862447262974e+06,-5.225499207968852716e+05
-1.526575016443907283e+06,-5.199249889114117832e+05
-1.527450080351162236e+06,-5.177999917738258373e+05
-1.528574873501667287e+06,-5.165497209681146196e+05
-1.528199774049557280e+06,-5.148000989244140801e+05
-1.528228686683710199e+06,-5.130890312033824739e+05
-1.528824610718124313e+06,-5.114248311262425268e+05
-1.528575129146736348e+06,-5.094247186488516745e+05
-1.528200089684960200e+06,-5.089248946818826371e+05
-1.528574845090316143e+06,-5.076752836430447642e+05
-1.530825325579721481e+06,-5.039250291156588937e+05
-1.531325164239998441e+06,-5.020500072794895386e+05
-1.531700094728040509e+06,-5.020500530109931133e+05
-1.531949689241550397e+06,-5.022999438619097928e+05
-1.532324639349608449e+06,-5.022999548359937035e+05
-1.532825000574117294e+06,-5.011749612180684926e+05
-1.533324869708006969e+06,-5.010500372017810587e+05
-1.533824502766348887e+06,-5.021750995368508738e+05
-1.534574665736008901e+06,-5.019248227357869619e+05
-1.534949731565999566e+06,-4.991747212943314225e+05
-1.535949558558225632e+06,-4.982997196276382892e+05
-1.535539998720457777e+06,-4.992798610130128218e+05
-1.535989523034067359e+06,-5.001796729770341190e+05
-1.536439933928947663e+06,-5.006300359995070030e+05
-1.537339663225884549e+06,-5.010799050931034144e+05
-1.537790061215494294e+06,-5.006301139313976164e+05
-1.537789719235944562e+06,-4.997297077570094843e+05
-1.538689334594332147e+06,-4.988298920773274149e+05
-1.538690004247752717e+06,-5.024299892529191566e+05
-1.539589705039264867e+06,-5.033300293841210078e+05
-1.541839811921993969e+06,-5.033303620819941862e+05
-1.542289782118240371e+06,-5.028800984721055138e+05
-1.543190108599285362e+06,-5.028799594856422627e+05
-1.545889735164884711e+06,-5.010001481792644481e+05
-1.546339673162737861e+06,-5.010797972499883617e+05
-1.547412644303115550e+06,-5.018503940634476021e+05
-1.549441774278293364e+06,-4.990114400591065059e+05
-1.551289877106728032e+06,-4.970300422207489028e+05
-1.552189655753786676e+06,-4.979300936410031281e+05
-1.553089725055473158e+06,-4.979296283541247249e+05
-1.553539763389196480e+06,-4.983805372236222611e+05
-1.548139551557939034e+06,-5.042301493461458595e+05
-1.548140072549248813e+06,-5.046800043137430330e+05
-1.548589767654531635e+06,-5.051300192557632108e+05
-1.549039886765330564e+06,-5.051303332900603418e+05
-1.549489748891514726e+06,-5.046799510279521346e+05
-1.550390051607392961e+06,-5.046800037402551970e+05
-1.551739766404884402e+06,-5.037796520981041831e+05
-1.552189706098370953e+06,-5.037799663701606332e+05
-1.553539947006750153e+06,-5.028799783599397051e+05
-1.553989802059298614e+06,-5.028802053085349035e+05
-1.554890013793485006e+06,-5.019801126925169956e+05
-1.555789673690896481e+06,-5.019800519049636787e+05
-1.556690326397486730e+06,-5.006297331129082595e+05
-1.557589674068547552e+06,-5.006297030274390127e+05
-1.558040150826382684e+06,-5.015299626737689832e+05
-1.558489870322252158e+06,-5.015299841118527111e+05
-1.559389698329387000e+06,-5.019799622799784411e+05
-1.559839466086449567e+06,-5.019798775617555366e+05
-1.560289810219902080e+06,-5.033301847854841035e+05
-1.560290012106783688e+06,-5.051301592755066813e+05
-1.559839520162316272e+06,-5.055800988111915649e+05
-1.558939444785129745e+06,-5.091798941294603865e+05
-1.557590075148687232e+06,-5.118801117285940563e+05
-1.557590170188667951e+06,-5.136801399502786226e+05
-1.558489993248268496e+06,-5.127802052929235506e+05
-1.559389770138085587e+06,-5.136801688325722353e+05
-1.559839478956394596e+06,-5.145799306938868249e+05
-1.560289406891994877e+06,-5.145800007447030512e+05
-1.560740083303086692e+06,-5.132303466708565829e+05
-1.562990056624791119e+06,-5.105300813967483700e+05
-1.563889845116507728e+06,-5.082799780790017685e+05
-1.565239721541204024e+06,-5.069297015814161277e+05
-1.565689453192648711e+06,-5.060297611708397162e+05
-1.565689653890766436e+06,-5.024300259137569810e+05
-1.566589886345281499e+06,-5.024299388001597836e+05
-1.567489860297716223e+06,-5.033300363802842330e+05
-1.567939635163087631e+06,-5.033298300951924757e+05
-1.568839694885399891e+06,-5.037800680339328246e+05
-1.569739658349648118e+06,-5.046796982925166376e+05
-1.570190322068263777e+06,-5.046797161798590096e+05
-1.570639766116911080e+06,-5.051297026017309399e+05
-1.571089526461672271e+06,-5.051298460970059969e+05
-1.571989616784477606e+06,-5.055799930552102742e+05
-1.571989764148341725e+06,-5.069297347971734125e+05
-1.572439721305478131e+06,-5.069296727302696672e+05
-1.573339409095437266e+06,-5.069301748768115067e+05
-1.577389559492494678e+06,-5.033299807647143025e+05
-1.577839885446028551e+06,-5.015298153556384495e+05
-1.578289842669850215e+06,-5.010796043306014035e+05
-1.578739536817523884e+06,-5.015297058017021627e+05
-1.579189652008000296e+06,-5.015300949073050870e+05
-1.580089676502760733e+06,-5.019799250430496759e+05
-1.580990148992561037e+06,-5.019800088648067322e+05
-1.582339552419918822e+06,-4.988300587915599463e+05
-1.584590021807027515e+06,-4.952300741829689359e+05
-1.584590256349046249e+06,-4.943297921561625553e+05
-1.585939912197837373e+06,-4.925298623053639312e+05
-1.586389993866960518e+06,-4.907303096123049036e+05
-1.587290334992563352e+06,-4.898298326168753556e+05
-1.588189519894978497e+06,-4.880299897497145575e+05
-1.590439405141726835e+06,-4.871299512711209245e+05
-1.593589984814607073e+06,-4.871299975409996114e+05
-1.594039492910194211e+06,-4.866802690597359906e+05
-1.594939654961174820e+06,-4.866802165187274804e+05
-1.595389997356601059e+06,-4.862297151790197240e+05
-1.595839445653592236e+06,-4.862301422002869076e+05
-1.597189674995954148e+06,-4.844297301668287255e+05
-1.598090007204069290e+06,-4.839797442652829341e+05
-1.599439825347933685e+06,-4.826298844610085944e+05
-1.599889911151162582e+06,-4.826299581526793772e+05
-1.600339900792954722e+06,-4.821803524258607067e+05
-1.601240130805845372e+06,-4.821799566925740801e+05
-1.601689890625917586e+06,-4.817301853914546082e+05
-1.602589935405489989e+06,-4.817300343134566210e+05
-1.603039593711141497e+06,-4.812796715850720648e+05
-1.604389403001536382e+06,-4.812797164143323316e+05
-1.604839520521346712e+06,-4.808296870655792882e+05
-1.605290172373593086e+06,-4.808300683520394959e+05
-1.606189789872223046e+06,-4.803803774719982175e+05
-1.606189451173446607e+06,-4.794800709001735086e+05
-1.606639642442040844e+06,-4.790301516644190415e+05
-1.606189749883582583e+06,-4.781299044855901739e+05
-1.604839414901308017e+06,-4.767798755168804200e+05
-1.603489602740537142e+06,-4.745298335113332141e+05
-1.602590138582646148e+06,-4.740803071421829518e+05
-1.601239519842256559e+06,-4.740796202859467594e+05
-1.600340213451825315e+06,-4.736297999340473907e+05
-1.597189873586891219e+06,-4.736302177449628944e+05
-1.595390014472042909e+06,-4.727299546371959150e+05
-1.594489566452963278e+06,-4.727296836608655285e+05
-1.593589546651142649e+06,-4.722800198457436054e+05
-1.592689893302994082e+06,-4.722801053875544458e+05
-1.592239387069861405e+06,-4.718300652150548995e+05
-1.591339819772541523e+06,-4.718299737799384166e+05
-1.590439618741463637e+06,-4.709300012195572490e+05
-1.589539772180353291e+06,-4.704798484565808321e+05
-1.589089954645942897e+06,-4.700300567954682047e+05
-1.586840079488650896e+06,-4.700301151691728737e+05
-1.586389543161303736e+06,-4.682298985252214479e+05
-1.585939548899974441e+06,-4.682297797470535734e+05
-1.585039663971947506e+06,-4.677796210080811288e+05
-1.583689475091211265e+06,-4.677800698891868233e+05
-1.582789620726119494e+06,-4.673300465569894295e+05
-1.581889619820825756e+06,-4.673299720075595542e+05
-1.581439942887045443e+06,-4.664297527542771422e+05
-1.573339676145952661e+06,-4.664300516325753415e+05
-1.572889426395731512e+06,-4.659798766187049332e+05
-1.572889422885351814e+06,-4.650801055567366420e+05
-1.579190081745417789e+06,-4.650800800048031961e+05
-1.579639415116528515e+06,-4.641798452263944200e+05
-1.578739773372648517e+06,-4.632797589619676000e+05
-1.572440063173756702e+06,-4.632801198552651331e+05
-1.572889393897212110e+06,-4.623801879888873082e+05
-1.573789845329200150e+06,-4.623798935370789841e+05
-1.574689768206336536e+06,-4.614801014897180139e+05
-1.575590061972868163e+06,-4.614796816561113228e+05
-1.576039612689242931e+06,-4.610298965647479636e+05
-1.577839654724884080e+06,-4.610300899155224906e+05
-1.578289806265989318e+06,-4.605800107942682225e+05
-1.581890286019829800e+06,-4.605798888967470266e+05
-1.583689601538184332e+06,-4.592299251106672455e+05
-1.584590077310681343e+06,-4.592298273006210220e+05
-1.585939481879127910e+06,-4.583300833527772920e+05
-1.586390325074880384e+06,-4.587799133050112869e+05
-1.586390005280612735e+06,-4.592298875229958794e+05
-1.585490134883888764e+06,-4.601301564629213535e+05
-1.585039554291267879e+06,-4.619300342140726862e+05
-1.585939587554715807e+06,-4.619297760034975363e+05
-1.586839569402445806e+06,-4.614800186822804972e+05
-1.587289970317023573e+06,-4.614798827719408437e+05
-1.587740147714307066e+06,-4.610302568715615780e+05
-1.588189638066624990e+06,-4.610300704716552282e+05
-1.589989565420057857e+06,-4.596794803899173276e+05
-1.590439550420930376e+06,-4.596801502964136889e+05
-1.592239823866194813e+06,-4.583301346423557261e+05
-1.592689861495087622e+06,-4.583301580443179118e+05
-1.594039964487567544e+06,-4.569797765739170136e+05
-1.594939765704168240e+06,-4.569798695882962784e+05
-1.595840049652899383e+06,-4.560800439147250727e+05
-1.595840100415001623e+06,-4.551800787676933687e+05
-1.597190090859423392e+06,-4.529297746702901204e+05
-1.597189451915269950e+06,-4.515796957805858692e+05
-1.598539789293956244e+06,-4.488795049180241185e+05
-1.599889793422505027e+06,-4.470795944357418921e+05
-1.599889483292394551e+06,-4.466293793596978066e+05
-1.600789639827555511e+06,-4.457301961850438383e+05
-1.600077739340161672e+06,-4.450179200889337808e+05
-1.599824403610382462e+06,-4.459468177648014971e+05
